date,chain,layer,defillama_slug,source,is_op_chain,mainnet_chain_id,op_based_version,alignment,chain_name,display_name,chainId,tvl_min,tvl_last,tvl_mean,distinct_protocol_min,distinct_protocol_last,distinct_protocol_mean,distinct_parent_protocol_min,distinct_parent_protocol_last,distinct_parent_protocol_mean,sum_token_value_usd_flow_sum,sum_price_usd_flow_sum,sum_usd_value_check_sum
2020-08-01,Loopring,L2,protocols/loopring,protocol,False,,,Other EVMs,,,-1,0.0,0.0,0.0,,,,,,,0.0,0.0,0.0
2020-09-01,Loopring,L2,protocols/loopring,protocol,False,,,Other EVMs,,,-1,0.0,0.0,0.0,,,,,,,0.0,0.0,0.0
2020-10-01,Loopring,L2,protocols/loopring,protocol,False,,,Other EVMs,,,-1,0.0,0.0,0.0,,,,,,,0.0,0.0,0.0
2020-11-01,Dydx,L2,protocols/dydx,protocol,False,,,Other EVMs,,,-1,0.0,0.0,0.0,,,,,,,0.0,0.0,0.0
2020-11-01,Loopring,L2,protocols/loopring,protocol,False,,,Other EVMs,,,-1,0.0,0.0,0.0,,,,,,,0.0,0.0,0.0
2020-12-01,Dydx,L2,protocols/dydx,protocol,False,,,Other EVMs,,,-1,0.0,0.0,0.0,,,,,,,0.0,0.0,0.0
2020-12-01,Loopring,L2,protocols/loopring,protocol,False,,,Other EVMs,,,-1,0.0,0.0,0.0,,,,,,,0.0,0.0,0.0
2021-01-01,Dydx,L2,protocols/dydx,protocol,False,,,Other EVMs,,,-1,0.0,0.0,0.0,,,,,,,0.0,0.0,0.0
2021-01-01,Loopring,L2,protocols/loopring,protocol,False,,,Other EVMs,,,-1,0.0,0.0,0.0,,,,,,,0.0,0.0,0.0
2021-02-01,Dydx,L2,protocols/dydx,protocol,False,,,Other EVMs,,,-1,0.0,0.0,0.0,,,,,,,0.0,0.0,0.0
2021-02-01,Loopring,L2,protocols/loopring,protocol,False,,,Other EVMs,,,-1,0.0,0.0,0.0,,,,,,,0.0,0.0,0.0
2021-03-01,Dydx,L2,protocols/dydx,protocol,False,,,Other EVMs,,,-1,0.0,0.0,0.0,,,,,,,0.0,0.0,0.0
2021-03-01,Loopring,L2,protocols/loopring,protocol,False,,,Other EVMs,,,-1,0.0,0.0,0.0,,,,,,,0.0,0.0,0.0
2021-04-01,Dydx,L2,protocols/dydx,protocol,False,,,Other EVMs,,,-1,0.0,0.0,0.0,,,,,,,0.0,0.0,0.0
2021-04-01,Loopring,L2,protocols/loopring,protocol,False,,,Other EVMs,,,-1,0.0,0.0,0.0,,,,,,,0.0,0.0,0.0
2021-05-01,Dydx,L2,protocols/dydx,protocol,False,,,Other EVMs,,,-1,0.0,0.0,0.0,,,,,,,0.0,0.0,0.0
2021-05-01,Loopring,L2,protocols/loopring,protocol,False,,,Other EVMs,,,-1,0.0,0.0,0.0,,,,,,,0.0,0.0,0.0
2021-06-01,Aztec,L2,protocols/aztec,protocol,False,,,Other EVMs,,,-1,540680.37034,690411.929,682636.4070421739,,,,,,,0.0,0.0,0.0
2021-06-01,Dydx,L2,protocols/dydx,protocol,False,,,Other EVMs,,,-1,0.0,0.0,0.0,,,,,,,0.0,0.0,0.0
2021-06-01,Loopring,L2,protocols/loopring,protocol,False,,,Other EVMs,,,-1,0.0,0.0,0.0,,,,,,,0.0,0.0,0.0
2021-07-01,Aztec,L2,protocols/aztec,protocol,False,,,Other EVMs,,,-1,528589.44098,729790.51164,635618.3981648387,,,,,,,0.0,0.0,0.0
2021-07-01,Dydx,L2,protocols/dydx,protocol,False,,,Other EVMs,,,-1,0.0,0.0,0.0,,,,,,,0.0,0.0,0.0
2021-07-01,Loopring,L2,protocols/loopring,protocol,False,,,Other EVMs,,,-1,0.0,0.0,0.0,,,,,,,0.0,0.0,0.0
2021-07-01,OP Mainnet,L2,Optimism,chain,True,10.0,modern,OP Chain,op,OP Mainnet,10,51021473.14135977,70021404.27233624,61293296.53953085,1.0,1.0,1.0,1.0,1.0,1.0,4290904.875442265,-2213618.1104222666,1094551229.97876
2021-08-01,Arbitrum,L2,Arbitrum,chain,False,,,Other EVMs,,,42161,0.0,473416.83994076075,29783.503881945984,,,,,,,0.0,0.0,0.0
2021-08-01,Aztec,L2,protocols/aztec,protocol,False,,,Other EVMs,,,-1,739679.6031399999,1077107.23077,946663.5987377419,,,,,,,0.0,0.0,0.0
2021-08-01,Dydx,L2,protocols/dydx,protocol,False,,,Other EVMs,,,-1,0.0,0.0,0.0,,,,,,,0.0,0.0,0.0
2021-08-01,Loopring,L2,protocols/loopring,protocol,False,,,Other EVMs,,,-1,0.0,0.0,0.0,,,,,,,0.0,0.0,0.0
2021-08-01,OP Mainnet,L2,Optimism,chain,True,10.0,modern,OP Chain,op,OP Mainnet,10,64233597.71674574,106135524.45675845,89105129.68948652,1.0,2.0,1.3548387096774193,1.0,2.0,1.3548387096774193,17989086.7307977,8557535.522302298,2726144900.18965
2021-09-01,Arbitrum,L2,Arbitrum,chain,False,,,Other EVMs,,,42161,8167686.102093918,962975143.4722732,617007589.7037724,,,,,,,0.0,0.0,0.0
2021-09-01,Aztec,L2,protocols/aztec,protocol,False,,,Other EVMs,,,-1,996860.67235,2142594.76844,1353627.0725343334,,,,,,,0.0,0.0,0.0
2021-09-01,Dydx,L2,protocols/dydx,protocol,False,,,Other EVMs,,,-1,0.0,0.0,0.0,,,,,,,0.0,0.0,0.0
2021-09-01,ImmutableX,L2,protocols/immutablex,protocol,False,,,Other EVMs,,,-1,3417644.83888,4842750.91396,3802204.5026441664,,,,,,,0.0,0.0,0.0
2021-09-01,Loopring,L2,protocols/loopring,protocol,False,,,Other EVMs,,,-1,0.0,0.0,0.0,,,,,,,0.0,0.0,0.0
2021-09-01,OP Mainnet,L2,Optimism,chain,True,10.0,modern,OP Chain,op,OP Mainnet,10,96430137.9596717,103348046.18530212,111698278.75026809,3.0,3.0,3.0,3.0,3.0,3.0,12663172.233663725,-14983409.414733713,3249208424.12567
2021-10-01,Arbitrum,L2,Arbitrum,chain,False,,,Other EVMs,,,42161,989702217.7103282,2400358287.6736817,1641948911.3801055,,,,,,,0.0,0.0,0.0
2021-10-01,Aztec,L2,protocols/aztec,protocol,False,,,Other EVMs,,,-1,2511671.45607,4928229.43405,3991921.8802574193,,,,,,,0.0,0.0,0.0
2021-10-01,Dydx,L2,protocols/dydx,protocol,False,,,Other EVMs,,,-1,0.0,0.0,0.0,,,,,,,0.0,0.0,0.0
2021-10-01,ImmutableX,L2,protocols/immutablex,protocol,False,,,Other EVMs,,,-1,5501752.71799,93664078.68205,24894517.41859968,,,,,,,0.0,0.0,0.0
2021-10-01,Loopring,L2,protocols/loopring,protocol,False,,,Other EVMs,,,-1,0.0,0.0,0.0,,,,,,,0.0,0.0,0.0
2021-10-01,OP Mainnet,L2,Optimism,chain,True,10.0,modern,OP Chain,op,OP Mainnet,10,96426624.97582513,257673670.4478038,122039912.54777637,3.0,3.0,3.0,3.0,3.0,3.0,150769518.598403,1670808.1027370207,3397525770.30864
2021-11-01,Arbitrum,L2,Arbitrum,chain,False,,,Other EVMs,,,42161,1910143241.8334794,1965304676.183953,2341167234.9783926,,,,,,,0.0,0.0,0.0
2021-11-01,Aztec,L2,protocols/aztec,protocol,False,,,Other EVMs,,,-1,4959191.49922,7091065.44138,5761301.179939667,,,,,,,0.0,0.0,0.0
2021-11-01,Dydx,L2,protocols/dydx,protocol,False,,,Other EVMs,,,-1,0.0,0.0,0.0,,,,,,,0.0,0.0,0.0
2021-11-01,ImmutableX,L2,protocols/immutablex,protocol,False,,,Other EVMs,,,-1,78575366.86768001,128400273.9887,97798145.84082334,,,,,,,0.0,0.0,0.0
2021-11-01,Loopring,L2,protocols/loopring,protocol,False,,,Other EVMs,,,-1,0.0,0.0,0.0,,,,,,,0.0,0.0,0.0
2021-11-01,OP Mainnet,L2,Optimism,chain,True,10.0,modern,OP Chain,op,OP Mainnet,10,259880961.51717877,366145199.4167208,320407023.50605744,3.0,10.0,6.3,3.0,10.0,6.3,107024679.00240639,-53790291.2057264,9449101418.4801
2021-12-01,Arbitrum,L2,Arbitrum,chain,False,,,Other EVMs,,,42161,1651213125.1158695,1677430058.637462,1771530247.3620515,,,,,,,0.0,0.0,0.0
2021-12-01,Aztec,L2,protocols/aztec,protocol,False,,,Other EVMs,,,-1,6473883.231900001,10240270.14425,9455175.794571936,,,,,,,0.0,0.0,0.0
2021-12-01,Dydx,L2,protocols/dydx,protocol,False,,,Other EVMs,,,-1,0.0,0.0,0.0,,,,,,,0.0,0.0,0.0
2021-12-01,ImmutableX,L2,protocols/immutablex,protocol,False,,,Other EVMs,,,-1,93898805.52823,93898805.52823,121124447.81623709,,,,,,,0.0,0.0,0.0
2021-12-01,Loopring,L2,protocols/loopring,protocol,False,,,Other EVMs,,,-1,0.0,0.0,0.0,,,,,,,0.0,0.0,0.0
2021-12-01,OP Mainnet,L2,Optimism,chain,True,10.0,modern,OP Chain,op,OP Mainnet,10,286799187.3846455,345702850.40419996,318778826.8149888,10.0,15.0,12.67741935483871,10.0,15.0,12.67741935483871,71264706.52251506,-81166135.65953502,10097064566.65987
2022-01-01,Arbitrum,L2,Arbitrum,chain,False,,,Other EVMs,,,42161,1263045780.3290966,1579258955.6095479,1642484582.342132,,,,,,,0.0,0.0,0.0
2022-01-01,Aztec,L2,protocols/aztec,protocol,False,,,Other EVMs,,,-1,6478492.09235,7662953.139709999,8201248.512140645,,,,,,,0.0,0.0,0.0
2022-01-01,Dydx,L2,protocols/dydx,protocol,False,,,Other EVMs,,,-1,0.0,0.0,0.0,,,,,,,0.0,0.0,0.0
2022-01-01,ImmutableX,L2,protocols/immutablex,protocol,False,,,Other EVMs,,,-1,54911542.30764,211086358.73019,94213134.07266161,,,,,,,0.0,0.0,0.0
2022-01-01,Loopring,L2,protocols/loopring,protocol,False,,,Other EVMs,,,-1,0.0,0.0,0.0,,,,,,,0.0,0.0,0.0
2022-01-01,OP Mainnet,L2,Optimism,chain,True,10.0,modern,OP Chain,op,OP Mainnet,10,267546073.32152203,305663789.7756639,304283882.9263871,15.0,18.0,16.64516129032258,15.0,18.0,16.64516129032258,11699065.308756359,-85807674.38950633,10048717853.0523
2022-02-01,Arbitrum,L2,Arbitrum,chain,False,,,Other EVMs,,,42161,1488880233.1076107,1638061583.1461146,1593947918.1932285,,,,,,,0.0,0.0,0.0
2022-02-01,Aztec,L2,protocols/aztec,protocol,False,,,Other EVMs,,,-1,7723340.474870001,10270116.62064,8862490.761629643,,,,,,,0.0,0.0,0.0
2022-02-01,Dydx,L2,protocols/dydx,protocol,False,,,Other EVMs,,,-1,0.0,0.0,0.0,,,,,,,0.0,0.0,0.0
2022-02-01,ImmutableX,L2,protocols/immutablex,protocol,False,,,Other EVMs,,,-1,124026387.66778,153872079.35057,180338211.54467392,,,,,,,0.0,0.0,0.0
2022-02-01,Loopring,L2,protocols/loopring,protocol,False,,,Other EVMs,,,-1,0.0,0.0,0.0,,,,,,,0.0,0.0,0.0
2022-02-01,OP Mainnet,L2,Optimism,chain,True,10.0,modern,OP Chain,op,OP Mainnet,10,286623879.1848867,305401555.89311385,313601446.2143069,19.0,23.0,21.785714285714285,19.0,23.0,21.785714285714285,50747667.11302861,-51428354.44890865,9684163335.92892
2022-03-01,Arbitrum,L2,Arbitrum,chain,False,,,Other EVMs,,,42161,1416644440.144193,1747953866.6788218,1602149656.8183692,,,,,,,0.0,0.0,0.0
2022-03-01,Aztec,L2,protocols/aztec,protocol,False,,,Other EVMs,,,-1,9249588.14847,13502981.647939999,11309069.655045805,,,,,,,0.0,0.0,0.0
2022-03-01,Dydx,L2,protocols/dydx,protocol,False,,,Other EVMs,,,-1,0.0,0.0,0.0,,,,,,,0.0,0.0,0.0
2022-03-01,ImmutableX,L2,protocols/immutablex,protocol,False,,,Other EVMs,,,-1,110976997.33544001,120658293.10643,124282938.86276227,,,,,,,0.0,0.0,0.0
2022-03-01,Loopring,L2,protocols/loopring,protocol,False,,,Other EVMs,,,-1,0.0,0.0,0.0,,,,,,,0.0,0.0,0.0
2022-03-01,OP Mainnet,L2,Optimism,chain,True,10.0,modern,OP Chain,op,OP Mainnet,10,264186367.9589246,433986240.4958994,323845029.1757085,24.0,29.0,26.70967741935484,24.0,29.0,26.70967741935484,13680044.403452406,96334828.67643759,10560313482.43731
2022-04-01,Arbitrum,L2,Arbitrum,chain,False,,,Other EVMs,,,42161,1436489413.4172494,1436489413.4172494,1693255862.1284478,,,,,,,0.0,0.0,0.0
2022-04-01,Aztec,L2,protocols/aztec,protocol,False,,,Other EVMs,,,-1,13033561.48229,13149675.175250001,13897358.648219667,,,,,,,0.0,0.0,0.0
2022-04-01,Dydx,L2,protocols/dydx,protocol,False,,,Other EVMs,,,-1,0.0,0.0,0.0,,,,,,,0.0,0.0,0.0
2022-04-01,ImmutableX,L2,protocols/immutablex,protocol,False,,,Other EVMs,,,-1,81779580.14388,81779580.14388,107331919.35856867,,,,,,,0.0,0.0,0.0
2022-04-01,Loopring,L2,protocols/loopring,protocol,False,,,Other EVMs,,,-1,0.0,0.0,0.0,,,,,,,0.0,0.0,0.0
2022-04-01,OP Mainnet,L2,Optimism,chain,True,10.0,modern,OP Chain,op,OP Mainnet,10,394726852.2163577,423240188.81674,442365793.3662815,29.0,36.0,30.933333333333334,29.0,36.0,30.933333333333334,68055412.313241,-72339574.135461,13891883158.96145
2022-05-01,Arbitrum,L2,Arbitrum,chain,False,,,Other EVMs,,,42161,992956624.972594,1030113374.3441254,1164254476.0251665,,,,,,,0.0,0.0,0.0
2022-05-01,Aztec,L2,protocols/aztec,protocol,False,,,Other EVMs,,,-1,8987941.09286,9689842.749019999,10891776.944993226,,,,,,,0.0,0.0,0.0
2022-05-01,Dydx,L2,protocols/dydx,protocol,False,,,Other EVMs,,,-1,0.0,0.0,0.0,,,,,,,0.0,0.0,0.0
2022-05-01,ImmutableX,L2,protocols/immutablex,protocol,False,,,Other EVMs,,,-1,50230716.671069995,60093746.70246,66142903.185661614,,,,,,,0.0,0.0,0.0
2022-05-01,Loopring,L2,protocols/loopring,protocol,False,,,Other EVMs,,,-1,0.0,233475495.57911003,85127506.30282548,,,,,,,0.0,0.0,0.0
2022-05-01,OP Mainnet,L2,Optimism,chain,True,10.0,modern,OP Chain,op,OP Mainnet,10,246162663.5161461,276666220.29633814,317236340.22111064,36.0,39.0,38.83870967741935,36.0,39.0,38.83870967741935,-62749664.9182595,-147187520.47858047,10089631019.58512
2022-05-01,zkSync Era,L2,zkSync Era,chain,False,,,Other EVMs,,,324,0.0,0.0,0.0,,,,,,,0.0,0.0,0.0
2022-06-01,Arbitrum,L2,Arbitrum,chain,False,,,Other EVMs,,,42161,680389207.224973,680988628.7817917,823622948.2562624,,,,,,,0.0,0.0,0.0
2022-06-01,Aztec,L2,protocols/aztec,protocol,False,,,Other EVMs,,,-1,4690230.300220001,4690230.300220001,6669189.444445,,,,,,,0.0,0.0,0.0
2022-06-01,Dydx,L2,protocols/dydx,protocol,False,,,Other EVMs,,,-1,0.0,0.0,0.0,,,,,,,0.0,0.0,0.0
2022-06-01,ImmutableX,L2,protocols/immutablex,protocol,False,,,Other EVMs,,,-1,36259349.088410005,42614250.31501,47807342.221163005,,,,,,,0.0,0.0,0.0
2022-06-01,Loopring,L2,protocols/loopring,protocol,False,,,Other EVMs,,,-1,133017841.04137999,161916937.41166,178882827.65182897,,,,,,,0.0,0.0,0.0
2022-06-01,OP Mainnet,L2,Optimism,chain,True,10.0,modern,OP Chain,op,OP Mainnet,10,222668173.36505347,270793502.0766116,297457686.6129049,41.0,47.0,44.766666666666666,41.0,47.0,44.766666666666666,28913659.467593007,-60812482.83960303,8140383053.95453
2022-06-01,zkSync Era,L2,zkSync Era,chain,False,,,Other EVMs,,,324,0.0,0.0,0.0,,,,,,,0.0,0.0,0.0
2022-07-01,Arbitrum,L2,Arbitrum,chain,False,,,Other EVMs,,,42161,569538705.3272593,753550605.2889411,647248551.3952545,,,,,,,0.0,0.0,0.0
2022-07-01,Aztec,L2,protocols/aztec,protocol,False,,,Other EVMs,,,-1,4634641.11314,9982274.020960001,7046878.483633549,,,,,,,0.0,0.0,0.0
2022-07-01,Dydx,L2,protocols/dydx,protocol,False,,,Other EVMs,,,-1,0.0,0.0,0.0,,,,,,,0.0,0.0,0.0
2022-07-01,ImmutableX,L2,protocols/immutablex,protocol,False,,,Other EVMs,,,-1,41654544.23736,56527202.22202,53988086.70232742,,,,,,,0.0,0.0,0.0
2022-07-01,Loopring,L2,protocols/loopring,protocol,False,,,Other EVMs,,,-1,156774091.44042003,194125630.25636,175538582.54202807,,,,,,,0.0,0.0,0.0
2022-07-01,OP Mainnet,L2,Optimism,chain,True,10.0,modern,OP Chain,op,OP Mainnet,10,269775602.51934147,530970884.6170639,350691992.0325385,48.0,58.0,53.87096774193548,48.0,58.0,53.87096774193548,189121537.61466223,103832295.88053775,10522385209.0852
2022-07-01,zkSync Era,L2,zkSync Era,chain,False,,,Other EVMs,,,324,0.0,0.0,0.0,,,,,,,0.0,0.0,0.0
2022-08-01,Arbitrum,L2,Arbitrum,chain,False,,,Other EVMs,,,42161,753861695.5084016,891291459.9285183,865289262.1796789,,,,,,,0.0,0.0,0.0
2022-08-01,Aztec,L2,protocols/aztec,protocol,False,,,Other EVMs,,,-1,9761431.49879,10452519.27422,11046385.541165162,,,,,,,0.0,0.0,0.0
2022-08-01,Dydx,L2,protocols/dydx,protocol,False,,,Other EVMs,,,-1,0.0,0.0,0.0,,,,,,,0.0,0.0,0.0
2022-08-01,ImmutableX,L2,protocols/immutablex,protocol,False,,,Other EVMs,,,-1,48421806.59065,48421806.59065,55960773.4692842,,,,,,,0.0,0.0,0.0
2022-08-01,Loopring,L2,protocols/loopring,protocol,False,,,Other EVMs,,,-1,155169587.81379998,159624025.50895,184247619.45108837,,,,,,,0.0,0.0,0.0
2022-08-01,OP Mainnet,L2,Optimism,chain,True,10.0,modern,OP Chain,op,OP Mainnet,10,527679153.1577721,898022697.5553653,919499105.4874829,56.0,66.0,61.354838709677416,56.0,66.0,61.354838709677416,425057334.93127114,-112167193.96353112,29071413985.94916
2022-08-01,zkSync Era,L2,zkSync Era,chain,False,,,Other EVMs,,,324,0.0,0.0,0.0,,,,,,,0.0,0.0,0.0
2022-09-01,Arbitrum,L2,Arbitrum,chain,False,,,Other EVMs,,,42161,828430131.165726,915590605.2294579,899873435.0906873,,,,,,,0.0,0.0,0.0
2022-09-01,Aztec,L2,protocols/aztec,protocol,False,,,Other EVMs,,,-1,8769430.41637,9287974.711579999,9658648.490432,,,,,,,0.0,0.0,0.0
2022-09-01,Dydx,L2,protocols/dydx,protocol,False,,,Other EVMs,,,-1,0.0,0.0,0.0,,,,,,,0.0,0.0,0.0
2022-09-01,ImmutableX,L2,protocols/immutablex,protocol,False,,,Other EVMs,,,-1,44673007.722990006,46634394.69797,47895227.40546,,,,,,,0.0,0.0,0.0
2022-09-01,Loopring,L2,protocols/loopring,protocol,False,,,Other EVMs,,,-1,133931070.80165,136380395.90818,149209663.97061464,,,,,,,0.0,0.0,0.0
2022-09-01,OP Mainnet,L2,Optimism,chain,True,10.0,modern,OP Chain,op,OP Mainnet,10,805993961.9728496,901654949.8828889,858718435.9876727,65.0,74.0,70.03333333333333,65.0,74.0,70.03333333333333,135338654.39866588,-91430684.2700759,27351164208.84267
2022-09-01,zkSync Era,L2,zkSync Era,chain,False,,,Other EVMs,,,324,0.0,0.0,0.0,,,,,,,0.0,0.0,0.0
2022-10-01,Arbitrum,L2,Arbitrum,chain,False,,,Other EVMs,,,42161,904143504.9529473,1013842697.3862413,944628932.8119643,,,,,,,0.0,0.0,0.0
2022-10-01,Aztec,L2,protocols/aztec,protocol,False,,,Other EVMs,,,-1,8871062.465480002,11980233.920790002,10331463.490144193,,,,,,,0.0,0.0,0.0
2022-10-01,Dydx,L2,protocols/dydx,protocol,False,,,Other EVMs,,,-1,0.0,0.0,0.0,,,,,,,0.0,0.0,0.0
2022-10-01,ImmutableX,L2,protocols/immutablex,protocol,False,,,Other EVMs,,,-1,42719953.561869994,48805953.46467,45590188.18446097,,,,,,,0.0,0.0,0.0
2022-10-01,Loopring,L2,protocols/loopring,protocol,False,,,Other EVMs,,,-1,107844481.69935,121591924.61432001,121575663.72172903,,,,,,,0.0,0.0,0.0
2022-10-01,OP Mainnet,L2,Optimism,chain,True,10.0,modern,OP Chain,op,OP Mainnet,10,899012869.4148259,977275201.6721238,928090606.4864526,75.0,85.0,80.3225806451613,75.0,83.0,78.96774193548387,107792577.75120147,2329965.202138571,30630075779.68295
2022-10-01,zkSync Era,L2,zkSync Era,chain,False,,,Other EVMs,,,324,0.0,0.0,0.0,,,,,,,0.0,0.0,0.0
2022-11-01,Arbitrum,L2,Arbitrum,chain,False,,,Other EVMs,,,42161,850619119.4916204,978487700.0798258,954256554.6606877,,,,,,,0.0,0.0,0.0
2022-11-01,Aztec,L2,protocols/aztec,protocol,False,,,Other EVMs,,,-1,9245878.2532,10762171.877529997,10630852.162871333,,,,,,,0.0,0.0,0.0
2022-11-01,Dydx,L2,protocols/dydx,protocol,False,,,Other EVMs,,,-1,0.0,0.0,0.0,,,,,,,0.0,0.0,0.0
2022-11-01,ImmutableX,L2,protocols/immutablex,protocol,False,,,Other EVMs,,,-1,33311899.691320002,39737004.66931,42346938.65906767,,,,,,,0.0,0.0,0.0
2022-11-01,Loopring,L2,protocols/loopring,protocol,False,,,Other EVMs,,,-1,79062204.13547,88516151.94327,104948286.92109367,,,,,,,0.0,0.0,0.0
2022-11-01,OP Mainnet,L2,Optimism,chain,True,10.0,modern,OP Chain,op,OP Mainnet,10,518563473.7536696,539008950.6455464,646720939.6139855,85.0,89.0,88.13333333333334,83.0,88.0,86.5,-208707846.56721357,-276435069.53186643,22365178714.85139
2022-11-01,zkSync Era,L2,zkSync Era,chain,False,,,Other EVMs,,,324,0.0,0.0,0.0,,,,,,,0.0,0.0,0.0
2022-12-01,Arbitrum,L2,Arbitrum,chain,False,,,Other EVMs,,,42161,988548178.3621968,1004875730.4949645,1061000230.7627574,,,,,,,0.0,0.0,0.0
2022-12-01,Aztec,L2,protocols/aztec,protocol,False,,,Other EVMs,,,-1,10307355.6,12282083.807379998,11207967.468570966,,,,,,,0.0,0.0,0.0
2022-12-01,Dydx,L2,protocols/dydx,protocol,False,,,Other EVMs,,,-1,0.0,0.0,0.0,,,,,,,0.0,0.0,0.0
2022-12-01,ImmutableX,L2,protocols/immutablex,protocol,False,,,Other EVMs,,,-1,32313136.835490003,32383428.51162,36961386.92660484,,,,,,,0.0,0.0,0.0
2022-12-01,Loopring,L2,protocols/loopring,protocol,False,,,Other EVMs,,,-1,72939593.39416999,72939593.39416999,82005524.79440741,,,,,,,0.0,0.0,0.0
2022-12-01,OP Mainnet,L2,Optimism,chain,True,10.0,modern,OP Chain,op,OP Mainnet,10,495071232.89387906,495071232.89387906,537934700.4855375,88.0,96.0,92.38709677419355,88.0,93.0,90.0,113006823.17103136,-135036250.2943014,19059350047.83546
2022-12-01,Starknet,L2,Starknet,chain,False,,,Other EVMs,,,-1,26504.80918828469,799915.4222549889,597031.946397913,,,,,,,0.0,0.0,0.0
2022-12-01,zkSync Era,L2,zkSync Era,chain,False,,,Other EVMs,,,324,0.0,0.0,0.0,,,,,,,0.0,0.0,0.0
2023-01-01,Arbitrum,L2,Arbitrum,chain,False,,,Other EVMs,,,42161,991950103.2742969,1207957256.2063887,1084281956.390599,,,,,,,0.0,0.0,0.0
2023-01-01,Aztec,L2,protocols/aztec,protocol,False,,,Other EVMs,,,-1,12654995.876670001,18161693.74939,15684997.805041613,,,,,,,0.0,0.0,0.0
2023-01-01,Dydx,L2,protocols/dydx,protocol,False,,,Other EVMs,,,-1,0.0,0.0,0.0,,,,,,,0.0,0.0,0.0
2023-01-01,ImmutableX,L2,protocols/immutablex,protocol,False,,,Other EVMs,,,-1,32296920.076290004,36496588.37836,37607797.5760271,,,,,,,0.0,0.0,0.0
2023-01-01,Loopring,L2,protocols/loopring,protocol,False,,,Other EVMs,,,-1,73253793.28688,110337060.01347001,92343929.12749773,,,,,,,0.0,0.0,0.0
2023-01-01,OP Mainnet,L2,Optimism,chain,True,10.0,modern,OP Chain,op,OP Mainnet,10,495153544.81053454,703753830.8926914,587812352.8716949,96.0,99.0,97.48387096774194,93.0,97.0,94.7741935483871,116829595.66196851,103378528.49747148,20989288031.56587
2023-01-01,Starknet,L2,Starknet,chain,False,,,Other EVMs,,,-1,800224.6830206076,1083514.409250298,979255.7700573484,,,,,,,0.0,0.0,0.0
2023-01-01,zkSync Era,L2,zkSync Era,chain,False,,,Other EVMs,,,324,0.0,0.0,0.0,,,,,,,0.0,0.0,0.0
2023-02-01,Arbitrum,L2,Arbitrum,chain,False,,,Other EVMs,,,42161,1265621564.0932624,1919957508.1460676,1590783814.857006,,,,,,,0.0,0.0,0.0
2023-02-01,Aztec,L2,protocols/aztec,protocol,False,,,Other EVMs,,,-1,18162937.701589994,21271723.0276,19990931.07838,,,,,,,0.0,0.0,0.0
2023-02-01,Dydx,L2,protocols/dydx,protocol,False,,,Other EVMs,,,-1,0.0,0.0,0.0,,,,,,,0.0,0.0,0.0
2023-02-01,ImmutableX,L2,protocols/immutablex,protocol,False,,,Other EVMs,,,-1,35948082.56053,37867627.57662,38853431.68292678,,,,,,,0.0,0.0,0.0
2023-02-01,Loopring,L2,protocols/loopring,protocol,False,,,Other EVMs,,,-1,107511306.54827,111751139.85099,121963688.44720142,,,,,,,0.0,0.0,0.0
2023-02-01,OP Mainnet,L2,Optimism,chain,True,10.0,modern,OP Chain,op,OP Mainnet,10,736774017.9072008,961006730.9993901,822195568.5829086,99.0,106.0,101.10714285714286,97.0,102.0,98.57142857142857,226190747.22291315,63123361.275176875,26296977454.43431
2023-02-01,Starknet,L2,Starknet,chain,False,,,Other EVMs,,,-1,1115781.4623557213,1448918.688530824,1286512.2928642442,,,,,,,0.0,0.0,0.0
2023-02-01,zkSync Era,L2,zkSync Era,chain,False,,,Other EVMs,,,324,0.0,0.0,0.0,,,,,,,0.0,0.0,0.0
2023-03-01,Arbitrum,L2,Arbitrum,chain,False,,,Other EVMs,,,42161,1477834205.9316754,2321121571.907126,1941944706.434474,,,,,,,0.0,0.0,0.0
2023-03-01,Aztec,L2,protocols/aztec,protocol,False,,,Other EVMs,,,-1,15375082.97621,15375082.97621,19709337.828000646,,,,,,,0.0,0.0,0.0
2023-03-01,Dydx,L2,protocols/dydx,protocol,False,,,Other EVMs,,,-1,0.0,0.0,0.0,,,,,,,0.0,0.0,0.0
2023-03-01,ImmutableX,L2,protocols/immutablex,protocol,False,,,Other EVMs,,,-1,33435160.351529997,34745890.0546,35664079.27870806,,,,,,,0.0,0.0,0.0
2023-03-01,Loopring,L2,protocols/loopring,protocol,False,,,Other EVMs,,,-1,91636674.96422999,119136785.85158,109533176.07658097,,,,,,,0.0,0.0,0.0
2023-03-01,OP Mainnet,L2,Optimism,chain,True,10.0,modern,OP Chain,op,OP Mainnet,10,733759308.5000806,918115527.9049361,930166762.979632,106.0,120.0,113.03225806451613,101.0,113.0,107.87096774193549,-52654015.84245711,-2899611.647772926,32906803325.244
2023-03-01,Polygon zkEVM,L2,Polygon zkEVM,chain,False,,,Other EVMs,,,1101,114582.1781261249,569966.6780133843,278295.1045924536,,,,,,,0.0,0.0,0.0
2023-03-01,Starknet,L2,Starknet,chain,False,,,Other EVMs,,,-1,1493960.3433442507,4327319.599346875,2256124.6846292517,,,,,,,0.0,0.0,0.0
2023-03-01,zkSync Era,L2,zkSync Era,chain,False,,,Other EVMs,,,324,0.0,35275356.52667207,3889980.5561610945,,,,,,,0.0,0.0,0.0
2023-04-01,Aevo,L2,protocols/aevo,protocol,False,,legacy bedrock,OP Stack fork,aevo,Aevo,-1,1803717.99761,2754375.51799,2227480.4285127274,,,,,,,0.0,0.0,0.0
2023-04-01,Apex Protocol,L2,protocols/apex-protocol,protocol,False,,,Other EVMs,,,-1,22484223.16429,23205308.80637,22906548.01239769,,,,,,,0.0,0.0,0.0
2023-04-01,Arbitrum,L2,Arbitrum,chain,False,,,Other EVMs,,,42161,2196895117.5735755,2291036112.699445,2293671045.24695,,,,,,,0.0,0.0,0.0
2023-04-01,Aztec,L2,protocols/aztec,protocol,False,,,Other EVMs,,,-1,11977638.82578,11977638.82578,13578177.457354667,,,,,,,0.0,0.0,0.0
2023-04-01,Dydx,L2,protocols/dydx,protocol,False,,,Other EVMs,,,-1,0.0,0.0,0.0,,,,,,,0.0,0.0,0.0
2023-04-01,ImmutableX,L2,protocols/immutablex,protocol,False,,,Other EVMs,,,-1,30749694.505349997,32096126.37391,33503610.55607867,,,,,,,0.0,0.0,0.0
2023-04-01,Loopring,L2,protocols/loopring,protocol,False,,,Other EVMs,,,-1,112551010.38822,113975853.73741001,119917213.640237,,,,,,,0.0,0.0,0.0
2023-04-01,OP Mainnet,L2,Optimism,chain,True,10.0,modern,OP Chain,op,OP Mainnet,10,904865670.9263153,910686187.4536545,929806882.5246627,118.0,125.0,123.1,109.0,117.0,114.3,28243074.270457212,-13374464.949447203,31888580289.82407
2023-04-01,Polygon zkEVM,L2,Polygon zkEVM,chain,False,,,Other EVMs,,,1101,678957.5548208795,2444653.92360951,1705160.0969379097,,,,,,,0.0,0.0,0.0
2023-04-01,Starknet,L2,Starknet,chain,False,,,Other EVMs,,,-1,4561076.8428652175,9248777.705817157,7142171.2368425755,,,,,,,0.0,0.0,0.0
2023-04-01,zkSync Era,L2,zkSync Era,chain,False,,,Other EVMs,,,324,39156125.490192674,130722527.00253783,100574878.25354882,,,,,,,0.0,0.0,0.0
2023-05-01,Aevo,L2,protocols/aevo,protocol,False,,legacy bedrock,OP Stack fork,aevo,Aevo,-1,2480359.89649,2831297.53087,2625506.581360323,,,,,,,0.0,0.0,0.0
2023-05-01,Apex Protocol,L2,protocols/apex-protocol,protocol,False,,,Other EVMs,,,-1,23261751.22627,25460417.12331,23943470.39745355,,,,,,,0.0,0.0,0.0
2023-05-01,Arbitrum,L2,Arbitrum,chain,False,,,Other EVMs,,,42161,2251584582.990686,2329913308.60149,2412548662.623903,,,,,,,0.0,0.0,0.0
2023-05-01,Aztec,L2,protocols/aztec,protocol,False,,,Other EVMs,,,-1,10138251.67222,10196607.546860002,10856015.88736129,,,,,,,0.0,0.0,0.0
2023-05-01,Dydx,L2,protocols/dydx,protocol,False,,,Other EVMs,,,-1,0.0,0.0,0.0,,,,,,,0.0,0.0,0.0
2023-05-01,ImmutableX,L2,protocols/immutablex,protocol,False,,,Other EVMs,,,-1,27867522.98577,27867522.98577,31195665.316799033,,,,,,,0.0,0.0,0.0
2023-05-01,Loopring,L2,protocols/loopring,protocol,False,,,Other EVMs,,,-1,100625296.24072,100850719.06729001,105170568.32086323,,,,,,,0.0,0.0,0.0
2023-05-01,OP Mainnet,L2,Optimism,chain,True,10.0,modern,OP Chain,op,OP Mainnet,10,837542599.1504812,863847615.7901441,876163021.8566326,125.0,138.0,131.83870967741936,117.0,128.0,123.06451612903226,142435539.41049173,-172233902.9242017,31470315144.61003
2023-05-01,Polygon zkEVM,L2,Polygon zkEVM,chain,False,,,Other EVMs,,,1101,2072715.6397569543,16555667.96703345,7110086.818859203,,,,,,,0.0,0.0,0.0
2023-05-01,Starknet,L2,Starknet,chain,False,,,Other EVMs,,,-1,9152504.252511432,11636425.336042475,10219587.434042014,,,,,,,0.0,0.0,0.0
2023-05-01,zkSync Era,L2,zkSync Era,chain,False,,,Other EVMs,,,324,97516224.23346195,143613176.14360452,115952051.3127478,,,,,,,0.0,0.0,0.0
2023-06-01,Aevo,L2,protocols/aevo,protocol,False,,legacy bedrock,OP Stack fork,aevo,Aevo,-1,2841885.02722,3704830.47164,3243340.85964,,,,,,,0.0,0.0,0.0
2023-06-01,Apex Protocol,L2,protocols/apex-protocol,protocol,False,,,Other EVMs,,,-1,25530091.82667,28203059.77296,26641655.664564665,,,,,,,0.0,0.0,0.0
2023-06-01,Arbitrum,L2,Arbitrum,chain,False,,,Other EVMs,,,42161,2028633034.8169863,2217584210.709575,2187059611.179173,,,,,,,0.0,0.0,0.0
2023-06-01,Aztec,L2,protocols/aztec,protocol,False,,,Other EVMs,,,-1,8846714.631500002,9494756.59805,9490359.829233335,,,,,,,0.0,0.0,0.0
2023-06-01,Base,L2,Base,chain,True,8453.0,modern,OP Chain,base,Base,8453,0.0,0.0,0.0,1.0,1.0,1.0,1.0,1.0,1.0,0.0,0.0,0.0
2023-06-01,Dydx,L2,protocols/dydx,protocol,False,,,Other EVMs,,,-1,0.0,0.0,0.0,,,,,,,0.0,0.0,0.0
2023-06-01,ImmutableX,L2,protocols/immutablex,protocol,False,,,Other EVMs,,,-1,25894571.46903,27955561.422179997,27600825.391119666,,,,,,,0.0,0.0,0.0
2023-06-01,Loopring,L2,protocols/loopring,protocol,False,,,Other EVMs,,,-1,83402256.20045,91607539.0993,90435861.611449,,,,,,,0.0,0.0,0.0
2023-06-01,OP Mainnet,L2,Optimism,chain,True,10.0,modern,OP Chain,op,OP Mainnet,10,752700805.8865086,817237849.1351718,801646951.690296,139.0,150.0,144.06666666666666,129.0,137.0,133.33333333333334,-109124789.98696487,-25122832.780815147,28822659249.29262
2023-06-01,Polygon zkEVM,L2,Polygon zkEVM,chain,False,,,Other EVMs,,,1101,17354203.02538477,26861832.14372822,24551624.98707743,,,,,,,0.0,0.0,0.0
2023-06-01,Starknet,L2,Starknet,chain,False,,,Other EVMs,,,-1,11655529.126675185,14925100.419630622,13085663.75887423,,,,,,,0.0,0.0,0.0
2023-06-01,zkSync Era,L2,zkSync Era,chain,False,,,Other EVMs,,,324,148151942.26063725,183403266.73582888,163127789.7902549,,,,,,,0.0,0.0,0.0
2023-07-01,Aevo,L2,protocols/aevo,protocol,False,,legacy bedrock,OP Stack fork,aevo,Aevo,-1,3993697.97612,4853125.26697,4416814.578636129,,,,,,,0.0,0.0,0.0
2023-07-01,Apex Protocol,L2,protocols/apex-protocol,protocol,False,,,Other EVMs,,,-1,28328027.34313,32562012.52172,30956766.568367098,,,,,,,0.0,0.0,0.0
2023-07-01,Arbitrum,L2,Arbitrum,chain,False,,,Other EVMs,,,42161,2060584680.7378654,2060584680.7378654,2185736149.5487967,,,,,,,0.0,0.0,0.0
2023-07-01,Aztec,L2,protocols/aztec,protocol,False,,,Other EVMs,,,-1,8598801.956260001,8598801.956260001,8973376.98586129,,,,,,,0.0,0.0,0.0
2023-07-01,Base,L2,Base,chain,True,8453.0,modern,OP Chain,base,Base,8453,0.0,13430389.971577793,1780901.9698508838,1.0,8.0,2.3225806451612905,1.0,8.0,2.3225806451612905,40935174.05207827,-873.763898274021,41777571.0938
2023-07-01,Dydx,L2,protocols/dydx,protocol,False,,,Other EVMs,,,-1,0.0,0.0,0.0,,,,,,,0.0,0.0,0.0
2023-07-01,ImmutableX,L2,protocols/immutablex,protocol,False,,,Other EVMs,,,-1,27278278.834140003,28350479.74233,28140331.020362258,,,,,,,0.0,0.0,0.0
2023-07-01,Linea,L2,Linea,chain,False,,,Other EVMs,,,-1,3140875.706269202,14622073.85031054,10357292.282397777,,,,,,,0.0,0.0,0.0
2023-07-01,Loopring,L2,protocols/loopring,protocol,False,,,Other EVMs,,,-1,86981484.72284,87167844.49958001,90641505.93833001,,,,,,,0.0,0.0,0.0
2023-07-01,Mantle,L2,Mantle,chain,False,5000.0,legacy ovm,OP Stack fork,mantle network,Mantle,5000,32414.631684530246,38206131.109376594,7021181.402567075,,,,,,,0.0,0.0,0.0
2023-07-01,OP Mainnet,L2,Optimism,chain,True,10.0,modern,OP Chain,op,OP Mainnet,10,808092194.1870365,872218515.4479995,860652467.8484337,150.0,156.0,152.3548387096774,137.0,141.0,138.83870967741936,28434952.907455154,53890888.42675485,31247221423.57177
2023-07-01,Polygon zkEVM,L2,Polygon zkEVM,chain,False,,,Other EVMs,,,1101,27722747.715652872,33308945.96431449,31770170.839846957,,,,,,,0.0,0.0,0.0
2023-07-01,Starknet,L2,Starknet,chain,False,,,Other EVMs,,,-1,15090764.867710112,25496407.529343247,20299704.692733444,,,,,,,0.0,0.0,0.0
2023-07-01,zkSync Era,L2,zkSync Era,chain,False,,,Other EVMs,,,324,149511067.7167243,149511067.7167243,183886667.46736827,,,,,,,0.0,0.0,0.0
2023-08-01,Aevo,L2,protocols/aevo,protocol,False,,legacy bedrock,OP Stack fork,aevo,Aevo,-1,4903957.62019,6061789.86152,5545910.6411651615,,,,,,,0.0,0.0,0.0
2023-08-01,Apex Protocol,L2,protocols/apex-protocol,protocol,False,,,Other EVMs,,,-1,31999326.04273,32563730.60528,32492241.146389354,,,,,,,0.0,0.0,0.0
2023-08-01,Arbitrum,L2,Arbitrum,chain,False,,,Other EVMs,,,42161,1694692694.7045865,1694692694.7045865,1870635758.0993555,,,,,,,0.0,0.0,0.0
2023-08-01,Aztec,L2,protocols/aztec,protocol,False,,,Other EVMs,,,-1,7406898.19327,7406898.19327,7978811.580153871,,,,,,,0.0,0.0,0.0
2023-08-01,Base,L2,Base,chain,True,8453.0,modern,OP Chain,base,Base,8453,8497227.720418563,350663065.28804564,133999648.31439526,11.0,98.0,56.064516129032256,11.0,88.0,51.32258064516129,157730864.5142779,-10283959.434817899,4124847327.79971
2023-08-01,Dydx,L2,protocols/dydx,protocol,False,,,Other EVMs,,,-1,0.0,0.0,0.0,,,,,,,0.0,0.0,0.0
2023-08-01,ImmutableX,L2,protocols/immutablex,protocol,False,,,Other EVMs,,,-1,28069817.40146,36682319.98691,31727771.36118903,,,,,,,0.0,0.0,0.0
2023-08-01,Linea,L2,Linea,chain,False,,,Other EVMs,,,-1,10320161.705245355,18354767.585681546,14498519.153567053,,,,,,,0.0,0.0,0.0
2023-08-01,Loopring,L2,protocols/loopring,protocol,False,,,Other EVMs,,,-1,76224481.2986,92641074.0209,88265851.51474,,,,,,,0.0,0.0,0.0
2023-08-01,Mantle,L2,Mantle,chain,False,5000.0,legacy ovm,OP Stack fork,mantle network,Mantle,5000,34726950.44314894,36170375.65404557,38844570.083565004,,,,,,,0.0,0.0,0.0
2023-08-01,OP Mainnet,L2,Optimism,chain,True,10.0,modern,OP Chain,op,OP Mainnet,10,668162243.0414797,668162243.0414797,784710761.007634,154.0,165.0,160.48387096774192,140.0,150.0,145.70967741935485,-56323423.36875211,-140686608.0797779,28585075610.43256
2023-08-01,Polygon zkEVM,L2,Polygon zkEVM,chain,False,,,Other EVMs,,,1101,20878074.791118197,20878074.791118197,28238836.730919637,,,,,,,0.0,0.0,0.0
2023-08-01,Starknet,L2,Starknet,chain,False,,,Other EVMs,,,-1,25847305.572098482,32333686.272515673,28290612.32818487,,,,,,,0.0,0.0,0.0
2023-08-01,zkSync Era,L2,zkSync Era,chain,False,,,Other EVMs,,,324,118991398.25893638,118991398.25893638,135076828.67516533,,,,,,,0.0,0.0,0.0
2023-09-01,Aevo,L2,protocols/aevo,protocol,False,,legacy bedrock,OP Stack fork,aevo,Aevo,-1,5802609.776489999,6943871.165399999,6201616.904527334,,,,,,,0.0,0.0,0.0
2023-09-01,Apex Protocol,L2,protocols/apex-protocol,protocol,False,,,Other EVMs,,,-1,32621748.17597,36021291.35328,34715289.59656767,,,,,,,0.0,0.0,0.0
2023-09-01,Arbitrum,L2,Arbitrum,chain,False,,,Other EVMs,,,42161,1593085774.377058,1722163539.5817297,1668345802.6178916,,,,,,,0.0,0.0,0.0
2023-09-01,Aztec,L2,protocols/aztec,protocol,False,,,Other EVMs,,,-1,6822137.451249999,7129154.4365300005,7046781.471059667,,,,,,,0.0,0.0,0.0
2023-09-01,Base,L2,Base,chain,True,8453.0,modern,OP Chain,base,Base,8453,334308899.7994713,352623674.03029996,369719642.4891079,98.0,127.0,117.26666666666667,88.0,115.0,105.86666666666666,138296582.35930106,-11592766.29839104,11900565622.862011
2023-09-01,Dydx,L2,protocols/dydx,protocol,False,,,Other EVMs,,,-1,0.0,0.0,0.0,,,,,,,0.0,0.0,0.0
2023-09-01,ImmutableX,L2,protocols/immutablex,protocol,False,,,Other EVMs,,,-1,32360077.33589,33677419.57813,33958944.93637834,,,,,,,0.0,0.0,0.0
2023-09-01,Linea,L2,Linea,chain,False,,,Other EVMs,,,-1,16408076.56430048,30180908.427810334,18723971.54456612,,,,,,,0.0,0.0,0.0
2023-09-01,Loopring,L2,protocols/loopring,protocol,False,,,Other EVMs,,,-1,77770764.08682999,81872679.39602,86516936.778122,,,,,,,0.0,0.0,0.0
2023-09-01,Mantle,L2,Mantle,chain,False,5000.0,legacy ovm,OP Stack fork,mantle network,Mantle,5000,33307488.64511743,37901503.654600866,36361803.43049463,,,,,,,0.0,0.0,0.0
2023-09-01,OP Mainnet,L2,Optimism,chain,True,10.0,modern,OP Chain,op,OP Mainnet,10,623742976.1198592,650173929.4301922,643781486.3548081,164.0,172.0,168.96666666666667,149.0,157.0,153.96666666666667,-53190706.55636471,-4739713.655775288,22986394416.51125
2023-09-01,Polygon zkEVM,L2,Polygon zkEVM,chain,False,,,Other EVMs,,,1101,18105211.750998657,18683158.760264434,18706276.663662415,,,,,,,0.0,0.0,0.0
2023-09-01,Starknet,L2,Starknet,chain,False,,,Other EVMs,,,-1,31804269.32025986,41344185.22884538,37622821.242784396,,,,,,,0.0,0.0,0.0
2023-09-01,zkSync Era,L2,zkSync Era,chain,False,,,Other EVMs,,,324,118094742.75635515,121156745.11382774,120306599.2232211,,,,,,,0.0,0.0,0.0
2023-10-01,Aevo,L2,protocols/aevo,protocol,False,,legacy bedrock,OP Stack fork,aevo,Aevo,-1,6859319.664329999,9126615.37565,7677812.081840968,,,,,,,0.0,0.0,0.0
2023-10-01,Apex Protocol,L2,protocols/apex-protocol,protocol,False,,,Other EVMs,,,-1,36005437.13143,38912202.38046,37692862.06517549,,,,,,,0.0,0.0,0.0
2023-10-01,Arbitrum,L2,Arbitrum,chain,False,,,Other EVMs,,,42161,1645041711.2636206,1827629678.6545222,1722355927.3468723,,,,,,,0.0,0.0,0.0
2023-10-01,Aztec,L2,protocols/aztec,protocol,False,,,Other EVMs,,,-1,6380552.56922,7086799.482739999,6811590.404005806,,,,,,,0.0,0.0,0.0
2023-10-01,Base,L2,Base,chain,True,8453.0,modern,OP Chain,base,Base,8453,298081636.45938295,301834081.9357603,319953602.7735959,129.0,164.0,142.5483870967742,117.0,151.0,130.41935483870967,-83106649.96574044,13570349.93067043,10116045365.92944
2023-10-01,Dydx,L2,protocols/dydx,protocol,False,,,Other EVMs,,,-1,0.0,0.0,0.0,,,,,,,0.0,0.0,0.0
2023-10-01,ImmutableX,L2,protocols/immutablex,protocol,False,,,Other EVMs,,,-1,33966810.276580006,35611784.71086,34902108.07007516,,,,,,,0.0,0.0,0.0
2023-10-01,Linea,L2,Linea,chain,False,,,Other EVMs,,,-1,25384307.651456423,32277584.212473158,28857853.429086477,,,,,,,0.0,0.0,0.0
2023-10-01,Loopring,L2,protocols/loopring,protocol,False,,,Other EVMs,,,-1,74336878.49203,88203578.48426001,80823434.6341816,,,,,,,0.0,0.0,0.0
2023-10-01,Mantle,L2,Mantle,chain,False,5000.0,legacy ovm,OP Stack fork,mantle network,Mantle,5000,33310202.39297303,50459166.72255894,40435223.63930165,,,,,,,0.0,0.0,0.0
2023-10-01,OP Mainnet,L2,Optimism,chain,True,10.0,modern,OP Chain,op,OP Mainnet,10,577470762.6473486,642019028.9447917,616494409.1664531,169.0,179.0,172.09677419354838,155.0,163.0,157.61290322580646,78104802.67770122,-81822235.56610124,22626726642.28199
2023-10-01,Polygon zkEVM,L2,Polygon zkEVM,chain,False,,,Other EVMs,,,1101,18426446.25218224,22108490.379787527,20097404.45440301,,,,,,,0.0,0.0,0.0
2023-10-01,Starknet,L2,Starknet,chain,False,,,Other EVMs,,,-1,29785673.153038826,32332685.389837686,36126011.889588535,,,,,,,0.0,0.0,0.0
2023-10-01,zkSync Era,L2,zkSync Era,chain,False,,,Other EVMs,,,324,113703488.33277456,114511535.13668914,117795035.35580185,,,,,,,0.0,0.0,0.0
2023-11-01,Aevo,L2,protocols/aevo,protocol,False,,legacy bedrock,OP Stack fork,aevo,Aevo,-1,9569953.0358,14083377.826320002,12349594.369378,,,,,,,0.0,0.0,0.0
2023-11-01,Apex Protocol,L2,protocols/apex-protocol,protocol,False,,,Other EVMs,,,-1,38774082.70616,46923435.068,45596787.220687,,,,,,,0.0,0.0,0.0
2023-11-01,Arbitrum,L2,Arbitrum,chain,False,,,Other EVMs,,,42161,1826612357.7336874,2108557087.9043086,2012702827.2130716,,,,,,,0.0,0.0,0.0
2023-11-01,Aztec,L2,protocols/aztec,protocol,False,,,Other EVMs,,,-1,7122507.8681499995,7621251.18253,7542947.770055,,,,,,,0.0,0.0,0.0
2023-11-01,Base,L2,Base,chain,True,8453.0,modern,OP Chain,base,Base,8453,279931437.76813364,298067286.17416257,291316708.5376064,161.0,185.0,171.86666666666667,148.0,171.0,158.43333333333334,-37062715.97083001,26648044.25277002,8276058509.94733
2023-11-01,Dydx,L2,protocols/dydx,protocol,False,,,Other EVMs,,,-1,0.0,0.0,0.0,,,,,,,0.0,0.0,0.0
2023-11-01,ImmutableX,L2,protocols/immutablex,protocol,False,,,Other EVMs,,,-1,32101039.33842,34437644.93065,34408569.06466033,,,,,,,0.0,0.0,0.0
2023-11-01,Linea,L2,Linea,chain,False,,,Other EVMs,,,-1,26082917.62900187,35486091.46225593,30388307.59596879,,,,,,,0.0,0.0,0.0
2023-11-01,Loopring,L2,protocols/loopring,protocol,False,,,Other EVMs,,,-1,88241469.11816,93525085.43822,96400643.035878,,,,,,,0.0,0.0,0.0
2023-11-01,Mantle,L2,Mantle,chain,False,5000.0,legacy ovm,OP Stack fork,mantle network,Mantle,5000,51186030.82053757,96879185.73649871,72086270.303786,,,,,,,0.0,0.0,0.0
2023-11-01,OP Mainnet,L2,Optimism,chain,True,10.0,modern,OP Chain,op,OP Mainnet,10,636126673.6612902,764492003.4958869,726257401.7731959,176.0,184.0,179.13333333333333,160.0,168.0,163.5,32931241.526436828,104685925.54895318,25281386491.6671
2023-11-01,Polygon zkEVM,L2,Polygon zkEVM,chain,False,,,Other EVMs,,,1101,19974035.576077163,20931576.146239452,21055142.50193895,,,,,,,0.0,0.0,0.0
2023-11-01,Starknet,L2,Starknet,chain,False,,,Other EVMs,,,-1,29887850.172263,34886089.101373985,32223283.04419284,,,,,,,0.0,0.0,0.0
2023-11-01,zkSync Era,L2,zkSync Era,chain,False,,,Other EVMs,,,324,106454504.58598489,150817904.03320596,125438564.77326292,,,,,,,0.0,0.0,0.0
2023-12-01,Aevo,L2,protocols/aevo,protocol,False,,legacy bedrock,OP Stack fork,aevo,Aevo,-1,14310511.207679998,34256000.30675,27591651.981719356,,,,,,,0.0,0.0,0.0
2023-12-01,Apex Protocol,L2,protocols/apex-protocol,protocol,False,,,Other EVMs,,,-1,47045001.10008,62332907.21471,58220897.609656125,,,,,,,0.0,0.0,0.0
2023-12-01,Arbitrum,L2,Arbitrum,chain,False,,,Other EVMs,,,42161,2112599730.3617663,2324623184.3489122,2247589534.893387,,,,,,,0.0,0.0,0.0
2023-12-01,Aztec,L2,protocols/aztec,protocol,False,,,Other EVMs,,,-1,7550094.6475100005,7733148.8448,7907615.186892258,,,,,,,0.0,0.0,0.0
2023-12-01,Base,L2,Base,chain,True,8453.0,modern,OP Chain,base,Base,8453,305504557.52914524,437186474.687866,390804560.69459873,184.0,198.0,195.0,170.0,181.0,178.8709677419355,128768971.01237297,27310908.99989705,12312862578.46764
2023-12-01,Dydx,L2,protocols/dydx,protocol,False,,,Other EVMs,,,-1,0.0,0.0,0.0,,,,,,,0.0,0.0,0.0
2023-12-01,ImmutableX,L2,protocols/immutablex,protocol,False,,,Other EVMs,,,-1,34950575.79602,38486793.78381,38015355.02440517,,,,,,,0.0,0.0,0.0
2023-12-01,Linea,L2,Linea,chain,False,,,Other EVMs,,,-1,36245145.85790057,53363430.06810893,52398174.8822499,,,,,,,0.0,0.0,0.0
2023-12-01,Loopring,L2,protocols/loopring,protocol,False,,,Other EVMs,,,-1,97617000.62769,125448147.18101004,115319231.56265707,,,,,,,0.0,0.0,0.0
2023-12-01,Lyra V2,L2,protocols/lyra-v2,protocol,False,957.0,modern,OP Stack fork,lyra,Lyra,-1,1011968.43702,1909100.1841,1571912.93558,,,,,,,0.0,0.0,0.0
2023-12-01,Mantle,L2,Mantle,chain,False,5000.0,legacy ovm,OP Stack fork,mantle network,Mantle,5000,97773040.0814204,121521399.68979776,118971893.61178921,,,,,,,0.0,0.0,0.0
2023-12-01,OP Mainnet,L2,Optimism,chain,True,10.0,modern,OP Chain,op,OP Mainnet,10,767105145.160072,892740032.1282803,838245990.0189989,181.0,192.0,189.16129032258064,165.0,175.0,172.80645161290323,13243283.942457283,124574527.91575271,30813720090.40899
2023-12-01,Polygon zkEVM,L2,Polygon zkEVM,chain,False,,,Other EVMs,,,1101,20782800.62258674,21267209.471604206,21583848.89200747,,,,,,,0.0,0.0,0.0
2023-12-01,Starknet,L2,Starknet,chain,False,,,Other EVMs,,,-1,31824320.956747625,36910661.11991478,34510477.2496832,,,,,,,0.0,0.0,0.0
2023-12-01,zkSync Era,L2,zkSync Era,chain,False,,,Other EVMs,,,324,150594164.89308834,161705849.63415906,157229858.28340396,,,,,,,0.0,0.0,0.0
2024-01-01,Aevo,L2,protocols/aevo,protocol,False,,legacy bedrock,OP Stack fork,aevo,Aevo,-1,34478055.91765,47782743.84886,43150181.068610646,,,,,,,0.0,0.0,0.0
2024-01-01,Apex Protocol,L2,protocols/apex-protocol,protocol,False,,,Other EVMs,,,-1,59684894.67921001,84085325.61254,69028785.76527743,,,,,,,0.0,0.0,0.0
2024-01-01,Arbitrum,L2,Arbitrum,chain,False,,,Other EVMs,,,42161,2236681331.138788,2341812295.693677,2382590480.0349755,,,,,,,0.0,0.0,0.0
2024-01-01,Aztec,L2,protocols/aztec,protocol,False,,,Other EVMs,,,-1,7355538.434210001,7497521.48061,7878862.613221614,,,,,,,0.0,0.0,0.0
2024-01-01,Base,L2,Base,chain,True,8453.0,modern,OP Chain,base,Base,8453,371102782.43463594,378565291.0988444,411348861.1714884,193.0,209.0,203.80645161290323,177.0,192.0,186.83870967741936,-63024656.383595206,3798430.574955192,13136143354.22027
2024-01-01,Dydx,L2,protocols/dydx,protocol,False,,,Other EVMs,,,-1,0.0,0.0,0.0,,,,,,,0.0,0.0,0.0
2024-01-01,ImmutableX,L2,protocols/immutablex,protocol,False,,,Other EVMs,,,-1,34009293.54703,36860144.79665,36584197.77690516,,,,,,,0.0,0.0,0.0
2024-01-01,Linea,L2,Linea,chain,False,,,Other EVMs,,,-1,52932738.178834945,62213615.05886245,60198243.60287141,,,,,,,0.0,0.0,0.0
2024-01-01,Loopring,L2,protocols/loopring,protocol,False,,,Other EVMs,,,-1,101290448.53133999,102994158.88469003,110920175.45767225,,,,,,,0.0,0.0,0.0
2024-01-01,Lyra V2,L2,protocols/lyra-v2,protocol,False,957.0,modern,OP Stack fork,lyra,Lyra,-1,1966517.71181,7115984.01971,5185238.248594516,,,,,,,0.0,0.0,0.0
2024-01-01,Mantle,L2,Mantle,chain,False,5000.0,legacy ovm,OP Stack fork,mantle network,Mantle,5000,118613058.60671657,138097159.43886316,135073767.91965783,,,,,,,0.0,0.0,0.0
2024-01-01,OP Mainnet,L2,Optimism,chain,True,10.0,modern,OP Chain,op,OP Mainnet,10,751623791.883667,751623791.883667,843570056.2569361,185.0,197.0,197.06451612903226,169.0,182.0,180.32258064516128,-58177555.64437828,-80718787.7092717,30310608219.37481
2024-01-01,Polygon zkEVM,L2,Polygon zkEVM,chain,False,,,Other EVMs,,,1101,13931019.72943186,14232869.405252645,15963991.308918564,,,,,,,0.0,0.0,0.0
2024-01-01,Starknet,L2,Starknet,chain,False,,,Other EVMs,,,-1,36801332.17834893,40349801.687888876,40118382.2154252,,,,,,,0.0,0.0,0.0
2024-01-01,zkSync Era,L2,zkSync Era,chain,False,,,Other EVMs,,,324,123769436.76679626,123769436.76679626,137878807.64164785,,,,,,,0.0,0.0,0.0
2024-02-01,Aevo,L2,protocols/aevo,protocol,False,,legacy bedrock,OP Stack fork,aevo,Aevo,-1,46286832.816410005,86533842.65108001,60056138.67738138,,,,,,,0.0,0.0,0.0
2024-02-01,Apex Protocol,L2,protocols/apex-protocol,protocol,False,,,Other EVMs,,,-1,84321010.18268001,86817094.87285,85651197.91047414,,,,,,,0.0,0.0,0.0
2024-02-01,Arbitrum,L2,Arbitrum,chain,False,,,Other EVMs,,,42161,2386327015.0554867,2870226855.3135314,2594587451.2823076,,,,,,,0.0,0.0,0.0
2024-02-01,Aztec,L2,protocols/aztec,protocol,False,,,Other EVMs,,,-1,7521640.24304,9669558.09539,8525304.85515793,,,,,,,0.0,0.0,0.0
2024-02-01,Base,L2,Base,chain,True,8453.0,modern,OP Chain,base,Base,8453,373595394.2915716,481117184.24967617,402693750.0257768,210.0,217.0,214.44827586206895,193.0,198.0,197.0344827586207,-33494912.346679904,93045349.82542992,11743336214.7348
2024-02-01,Dydx,L2,protocols/dydx,protocol,False,,,Other EVMs,,,-1,0.0,0.0,0.0,,,,,,,0.0,0.0,0.0
2024-02-01,ImmutableX,L2,protocols/immutablex,protocol,False,,,Other EVMs,,,-1,36609703.88573,52651268.93361001,45035296.05314517,,,,,,,0.0,0.0,0.0
2024-02-01,Linea,L2,Linea,chain,False,,,Other EVMs,,,-1,63184974.97556537,81789236.42207736,69903878.2663446,,,,,,,0.0,0.0,0.0
2024-02-01,Loopring,L2,protocols/loopring,protocol,False,,,Other EVMs,,,-1,101480145.72733,130643288.50901002,114761935.53023688,,,,,,,0.0,0.0,0.0
2024-02-01,Lyra V2,L2,protocols/lyra-v2,protocol,False,957.0,modern,OP Stack fork,lyra,Lyra,-1,6675816.46688,8690103.36422,7601165.57620793,,,,,,,0.0,0.0,0.0
2024-02-01,Mantle,L2,Mantle,chain,False,5000.0,legacy ovm,OP Stack fork,mantle network,Mantle,5000,140789335.9092856,234338970.15558577,185110888.8292441,,,,,,,0.0,0.0,0.0
2024-02-01,OP Mainnet,L2,Optimism,chain,True,10.0,modern,OP Chain,op,OP Mainnet,10,754467197.1250263,947161215.5800388,838180774.808121,200.0,206.0,204.51724137931035,185.0,189.0,188.13793103448276,33664346.72437431,166088502.3411257,28050714437.32016
2024-02-01,Polygon zkEVM,L2,Polygon zkEVM,chain,False,,,Other EVMs,,,1101,13655988.62003569,14075108.599461716,14224030.78150932,,,,,,,0.0,0.0,0.0
2024-02-01,Starknet,L2,Starknet,chain,False,,,Other EVMs,,,-1,41279743.517801225,168830246.23851767,82197053.59162366,,,,,,,0.0,0.0,0.0
2024-02-01,zkSync Era,L2,zkSync Era,chain,False,,,Other EVMs,,,324,124868394.76380888,178478174.7890696,144813296.77040374,,,,,,,0.0,0.0,0.0
2024-03-01,Aevo,L2,protocols/aevo,protocol,False,,legacy bedrock,OP Stack fork,aevo,Aevo,-1,82615025.34601,86665103.36862999,89208523.45487322,,,,,,,0.0,0.0,0.0
2024-03-01,Apex Protocol,L2,protocols/apex-protocol,protocol,False,,,Other EVMs,,,-1,87102916.91962999,88850906.56558001,88760488.2033571,,,,,,,0.0,0.0,0.0
2024-03-01,Arbitrum,L2,Arbitrum,chain,False,,,Other EVMs,,,42161,2639573397.9302945,2831990511.0579896,2919686429.470417,,,,,,,0.0,0.0,0.0
2024-03-01,Aztec,L2,protocols/aztec,protocol,False,,,Other EVMs,,,-1,8698352.4297,9447928.774489999,9940260.457743226,,,,,,,0.0,0.0,0.0
2024-03-01,Base,L2,Base,chain,True,8453.0,modern,OP Chain,base,Base,8453,522950503.84132195,1172130911.9252236,775697263.3229035,219.0,241.0,228.74193548387098,200.0,221.0,209.09677419354838,657649413.1219139,77142400.92693612,22342850377.10732
2024-03-01,Dydx,L2,protocols/dydx,protocol,False,,,Other EVMs,,,-1,0.0,0.0,0.0,,,,,,,0.0,0.0,0.0
2024-03-01,ImmutableX,L2,protocols/immutablex,protocol,False,,,Other EVMs,,,-1,44864688.69105,48856463.11044,52118990.4583729,,,,,,,0.0,0.0,0.0
2024-03-01,Linea,L2,Linea,chain,False,,,Other EVMs,,,-1,82400885.52870816,127691402.71923551,91981509.64604414,,,,,,,0.0,0.0,0.0
2024-03-01,Loopring,L2,protocols/loopring,protocol,False,,,Other EVMs,,,-1,133217834.68345001,146337347.54717,156856864.17962807,,,,,,,0.0,0.0,0.0
2024-03-01,Lyra V2,L2,protocols/lyra-v2,protocol,False,957.0,modern,OP Stack fork,lyra,Lyra,-1,8704915.58598,9314574.07679,10441183.905783871,,,,,,,0.0,0.0,0.0
2024-03-01,Mantle,L2,Mantle,chain,False,5000.0,legacy ovm,OP Stack fork,mantle network,Mantle,5000,230343811.8133461,300533741.46444696,267066803.94794783,,,,,,,0.0,0.0,0.0
2024-03-01,OP Mainnet,L2,Optimism,chain,True,10.0,modern,OP Chain,op,OP Mainnet,10,886763045.9017866,1005036321.0554404,995200518.026686,201.0,218.0,209.61290322580646,183.0,198.0,191.09677419354838,-44072425.45328045,79036886.13319048,33669418660.48351
2024-03-01,Polygon zkEVM,L2,Polygon zkEVM,chain,False,,,Other EVMs,,,1101,11494468.437310953,11494468.437310953,13090302.304510396,,,,,,,0.0,0.0,0.0
2024-03-01,Starknet,L2,Starknet,chain,False,,,Other EVMs,,,-1,171045249.70034972,312843189.96444666,254748899.74954867,,,,,,,0.0,0.0,0.0
2024-03-01,zkSync Era,L2,zkSync Era,chain,False,,,Other EVMs,,,324,160497614.10074535,174763778.04864743,177033929.1294106,,,,,,,0.0,0.0,0.0
2024-04-01,Aevo,L2,protocols/aevo,protocol,False,,legacy bedrock,OP Stack fork,aevo,Aevo,-1,71253145.60303,71253145.60303,78959988.04351433,,,,,,,0.0,0.0,0.0
2024-04-01,Apex Protocol,L2,protocols/apex-protocol,protocol,False,,,Other EVMs,,,-1,87529228.23065001,88440177.56310001,88074393.83838399,,,,,,,0.0,0.0,0.0
2024-04-01,Arbitrum,L2,Arbitrum,chain,False,,,Other EVMs,,,42161,2344738772.7251043,2344738772.7251043,2614409104.5205564,,,,,,,0.0,0.0,0.0
2024-04-01,Aztec,L2,protocols/aztec,protocol,False,,,Other EVMs,,,-1,7451409.329380001,7587870.016310001,8209504.914305333,,,,,,,0.0,0.0,0.0
2024-04-01,Base,L2,Base,chain,True,8453.0,modern,OP Chain,base,Base,8453,1154531964.2081394,1393516550.4313974,1483091937.6928759,241.0,263.0,251.63333333333333,221.0,242.0,231.46666666666667,539681209.6682999,-170152766.0748899,46624761250.54312
2024-04-01,Dydx,L2,protocols/dydx,protocol,False,,,Other EVMs,,,-1,0.0,0.0,0.0,,,,,,,0.0,0.0,0.0
2024-04-01,ImmutableX,L2,protocols/immutablex,protocol,False,,,Other EVMs,,,-1,36792192.36868,38090763.71902,41556357.75863,,,,,,,0.0,0.0,0.0
2024-04-01,Linea,L2,Linea,chain,False,,,Other EVMs,,,-1,124990721.2152316,243491450.22651762,210931372.4311542,,,,,,,0.0,0.0,0.0
2024-04-01,Loopring,L2,protocols/loopring,protocol,False,,,Other EVMs,,,-1,98396927.47234994,98396927.47234994,117379093.60940401,,,,,,,0.0,0.0,0.0
2024-04-01,Lyra V2,L2,protocols/lyra-v2,protocol,False,957.0,modern,OP Stack fork,lyra,Lyra,-1,8808494.16037,11271998.44949,10099213.951447,,,,,,,0.0,0.0,0.0
2024-04-01,Mantle,L2,Mantle,chain,False,5000.0,legacy ovm,OP Stack fork,mantle network,Mantle,5000,280831363.1323966,280831363.1323966,326439904.4159536,,,,,,,0.0,0.0,0.0
2024-04-01,OP Mainnet,L2,Optimism,chain,True,10.0,modern,OP Chain,op,OP Mainnet,10,834543862.8438743,846268551.359041,917555682.3438563,217.0,224.0,220.6,198.0,204.0,200.9,54095714.911242574,-200392561.96542257,31439965481.8031
2024-04-01,Polygon zkEVM,L2,Polygon zkEVM,chain,False,,,Other EVMs,,,1101,9477070.92261737,9477070.92261737,10694818.966274831,,,,,,,0.0,0.0,0.0
2024-04-01,Starknet,L2,Starknet,chain,False,,,Other EVMs,,,-1,210426218.21585158,228743700.4122894,265227452.18508905,,,,,,,0.0,0.0,0.0
2024-04-01,zkSync Era,L2,zkSync Era,chain,False,,,Other EVMs,,,324,147095038.69937995,147095038.69937995,161717965.12728468,,,,,,,0.0,0.0,0.0
2024-05-01,Aevo,L2,protocols/aevo,protocol,False,,legacy bedrock,OP Stack fork,aevo,Aevo,-1,64757773.14850001,73550299.85281,71217759.72776,,,,,,,0.0,0.0,0.0
2024-05-01,Apex Protocol,L2,protocols/apex-protocol,protocol,False,,,Other EVMs,,,-1,88404307.1912,90715891.33843,89363030.86768517,,,,,,,0.0,0.0,0.0
2024-05-01,Arbitrum,L2,Arbitrum,chain,False,,,Other EVMs,,,42161,2403986800.479769,3073367244.319511,2728081468.316402,,,,,,,0.0,0.0,0.0
2024-05-01,Aztec,L2,protocols/aztec,protocol,False,,,Other EVMs,,,-1,7363305.43635,9499459.610100001,8372989.64262,,,,,,,0.0,0.0,0.0
2024-05-01,Base,L2,Base,chain,True,8453.0,modern,OP Chain,base,Base,8453,1424466253.3638284,1744566872.6692028,1609235085.4409842,263.0,281.0,270.4516129032258,242.0,258.0,249.25806451612902,53459630.11386893,94746994.59899113,52564734664.12855
2024-05-01,Dydx,L2,protocols/dydx,protocol,False,,,Other EVMs,,,-1,0.0,0.0,0.0,,,,,,,0.0,0.0,0.0
2024-05-01,ImmutableX,L2,protocols/immutablex,protocol,False,,,Other EVMs,,,-1,38072285.62307,43744590.70136,41164396.9544929,,,,,,,0.0,0.0,0.0
2024-05-01,Linea,L2,Linea,chain,False,,,Other EVMs,,,-1,239893660.3076985,629660097.6325779,363818416.3352807,,,,,,,0.0,0.0,0.0
2024-05-01,Loopring,L2,protocols/loopring,protocol,False,,,Other EVMs,,,-1,99474822.49208997,110545698.72713,108332446.51761065,,,,,,,0.0,0.0,0.0
2024-05-01,Lyra V2,L2,protocols/lyra-v2,protocol,False,957.0,modern,OP Stack fork,lyra,Lyra,-1,11275004.34474,22284583.157059997,14657765.785731934,,,,,,,0.0,0.0,0.0
2024-05-01,Mantle,L2,Mantle,chain,False,5000.0,legacy ovm,OP Stack fork,mantle network,Mantle,5000,256522865.77764058,453134554.22080374,324367845.2193324,,,,,,,0.0,0.0,0.0
2024-05-01,OP Mainnet,L2,Optimism,chain,True,10.0,modern,OP Chain,op,OP Mainnet,10,766805185.0979197,849353053.6840448,846451049.3354324,224.0,228.0,225.93548387096774,204.0,208.0,206.70967741935485,-85086205.21344127,32610193.510331236,29403070918.49897
2024-05-01,Polygon zkEVM,L2,Polygon zkEVM,chain,False,,,Other EVMs,,,1101,9691518.3333001,12924194.97288614,11074192.102873249,,,,,,,0.0,0.0,0.0
2024-05-01,Starknet,L2,Starknet,chain,False,,,Other EVMs,,,-1,230311220.25102076,291951070.73998976,266632726.02015013,,,,,,,0.0,0.0,0.0
2024-05-01,zkSync Era,L2,zkSync Era,chain,False,,,Other EVMs,,,324,138122389.45885894,153370617.7400571,148852601.93190873,,,,,,,0.0,0.0,0.0
2024-06-01,Aevo,L2,protocols/aevo,protocol,False,,legacy bedrock,OP Stack fork,aevo,Aevo,-1,72197304.90389001,73694989.56025001,74601188.35504538,,,,,,,0.0,0.0,0.0
2024-06-01,Apex Protocol,L2,protocols/apex-protocol,protocol,False,,,Other EVMs,,,-1,86407058.28393999,86774820.86756,88656943.7220696,,,,,,,0.0,0.0,0.0
2024-06-01,Arbitrum,L2,Arbitrum,chain,False,,,Other EVMs,,,42161,2738465061.947226,2741774031.097012,2972392114.2362742,,,,,,,0.0,0.0,0.0
2024-06-01,Aztec,L2,protocols/aztec,protocol,False,,,Other EVMs,,,-1,8316324.516919998,8373895.149960001,8912041.232787691,,,,,,,0.0,0.0,0.0
2024-06-01,Base,L2,Base,chain,True,8453.0,modern,OP Chain,base,Base,8453,1531219982.795522,1572759281.1612873,1665708311.202486,281.0,296.0,288.24,259.0,272.0,264.92,-10975663.652243394,-149579062.27568656,43728113122.53439
2024-06-01,Dydx,L2,protocols/dydx,protocol,False,,,Other EVMs,,,-1,0.0,0.0,0.0,,,,,,,0.0,0.0,0.0
2024-06-01,ImmutableX,L2,protocols/immutablex,protocol,False,,,Other EVMs,,,-1,37479116.14169,39314288.63418,40231562.35945,,,,,,,0.0,0.0,0.0
2024-06-01,Linea,L2,Linea,chain,False,,,Other EVMs,,,-1,621225551.8033152,680448204.3752027,662611407.318373,,,,,,,0.0,0.0,0.0
2024-06-01,Loopring,L2,protocols/loopring,protocol,False,,,Other EVMs,,,-1,1.1018,68789000.13115,74840985.14604656,,,,,,,0.0,0.0,0.0
2024-06-01,Lyra V2,L2,protocols/lyra-v2,protocol,False,957.0,modern,OP Stack fork,lyra,Lyra,-1,22509039.970769998,43041010.246190004,34287540.23914077,,,,,,,0.0,0.0,0.0
2024-06-01,Mantle,L2,Mantle,chain,False,5000.0,legacy ovm,OP Stack fork,mantle network,Mantle,5000,359972968.8347947,371369921.3854747,417146517.1674925,,,,,,,0.0,0.0,0.0
2024-06-01,OP Mainnet,L2,Optimism,chain,True,10.0,modern,OP Chain,op,OP Mainnet,10,667083726.5384884,674542957.8148056,753170096.1549054,225.0,232.0,229.12,207.0,212.0,210.0,-5467617.379773385,-167479952.1516366,21862278159.09939
2024-06-01,Polygon zkEVM,L2,Polygon zkEVM,chain,False,,,Other EVMs,,,1101,11559075.019208085,11976051.53920932,12305865.01025227,,,,,,,0.0,0.0,0.0
2024-06-01,Starknet,L2,Starknet,chain,False,,,Other EVMs,,,-1,224644711.14128155,231006897.8138232,267947147.01716685,,,,,,,0.0,0.0,0.0
2024-06-01,zkSync Era,L2,zkSync Era,chain,False,,,Other EVMs,,,324,119573338.46946914,119573338.46946914,133268626.94716497,,,,,,,0.0,0.0,0.0
