Address,Badgeholder,Status,Created at,Updated at,Published at,Metrics in ballot,Metrics viewed,Os multiplier,Ballot content,Signature,Payload
0x55aed0ce035883626e536254dda2f23a5b5d977f,true,SUBMITTED,2024-06-30T16:59:46.549Z,2024-07-02T09:27:37.745Z,2024-07-02T09:27:37.745Z,16,8,1.8,"[{""trusted_daily_active_users"":2},{""trusted_monthly_active_users"":1},{""trusted_transaction_count"":3},{""transaction_count"":6},{""log_gas_fees"":30},{""log_trusted_transaction_count"":4},{""gas_fees"":10},{""power_user_addresses"":3},{""trusted_transaction_share"":3},{""trusted_users_onboarded"":12},{""daily_active_addresses"":6},{""monthly_active_addresses"":3},{""recurring_addresses"":6},{""openrank_trusted_users_count"":2},{""trusted_recurring_users"":5},{""log_transaction_count"":4}]",0x79e26338bf41c0cb4ac15030f1fb6eb932ade1e33e4aadfacd67b827505db59020fa6377a95d79e86c71733f65f73fd1d23b3dcc7ec6ef8645b90c0ef26eddc51c,"{""allocations"":[{""trusted_daily_active_users"":2},{""trusted_monthly_active_users"":1},{""trusted_transaction_count"":3},{""transaction_count"":6},{""log_gas_fees"":30},{""log_trusted_transaction_count"":4},{""gas_fees"":10},{""power_user_addresses"":3},{""trusted_transaction_share"":3},{""trusted_users_onboarded"":12},{""daily_active_addresses"":6},{""monthly_active_addresses"":3},{""recurring_addresses"":6},{""openrank_trusted_users_count"":2},{""trusted_recurring_users"":5},{""log_transaction_count"":4}],""os_only"":false,""os_multiplier"":1.8}"
0x3b60e31cfc48a9074cd5bebb26c9eaa77650a43f,true,SUBMITTED,2024-06-29T15:44:59.942Z,2024-06-29T15:45:57.977Z,2024-06-29T15:45:57.977Z,7,16,1,"[{""trusted_users_onboarded"":20},{""trusted_recurring_users"":6},{""openrank_trusted_users_count"":6},{""gas_fees"":50},{""trusted_transaction_share"":6},{""trusted_transaction_count"":6},{""trusted_daily_active_users"":6}]",0x9841ba7d0cfbc7933ef05bef58c49423ba26169fa66578e9fea3300c4c4aa4e47d8147c3f670ca4cf48f4dc0756fc8c146cd384c25ada6390a5b1c004716ebbd1b,"{""allocations"":[{""trusted_users_onboarded"":20},{""trusted_recurring_users"":6},{""openrank_trusted_users_count"":6},{""gas_fees"":50},{""trusted_transaction_share"":6},{""trusted_transaction_count"":6},{""trusted_daily_active_users"":6}],""os_only"":false,""os_multiplier"":1}"
0x512fce9b07ce64590849115ee6b32fd40ec0f5f3,true,SUBMITTED,2024-07-03T15:47:12.813Z,2024-07-03T15:47:55.494Z,2024-07-03T15:47:55.494Z,4,0,1,"[{""gas_fees"":25.002499750025},{""log_transaction_count"":24.99500049995},{""transaction_count"":25},{""log_gas_fees"":25.002499750025}]",0x7f54abc8dcd3711d71e0e592a9d34662a985a53b6acff7bf6c91013d484f178a24f0da6163274f03e42e65172e1dc3e914cf5703fb64401f7e99ef07a51a1e811c,"{""allocations"":[{""gas_fees"":25.002499750025},{""log_transaction_count"":24.99500049995},{""transaction_count"":25},{""log_gas_fees"":25.002499750025}],""os_only"":false,""os_multiplier"":1}"
0xd8da6bf26964af9d7eed9e03e53415d37aa96045,true,SUBMITTED,2024-07-11T12:29:41.116Z,2024-07-11T12:30:08.007Z,2024-07-11T12:30:08.007Z,3,0,1,"[{""openrank_trusted_users_count"":33.335},{""trusted_recurring_users"":33.335},{""trusted_users_onboarded"":33.33333333333334}]",0xd99fb446d6e109733d937dc661240c3ad13dfa75732d40a4048bafdda7be1fab166467fbf259ef0b8c197397029c65bce6787180277f5d9b65dbdbe381ea68601b,"{""allocations"":[{""openrank_trusted_users_count"":33.335},{""trusted_recurring_users"":33.335},{""trusted_users_onboarded"":33.33333333333334}],""os_only"":false,""os_multiplier"":1}"
0x616cad18642f45d3fa5fcaad0a2d81764a9cba84,true,SUBMITTED,2024-06-29T01:50:57.995Z,2024-07-10T22:07:39.974Z,2024-07-10T22:07:39.974Z,4,16,3,"[{""trusted_recurring_users"":40},{""transaction_count"":10},{""trusted_users_onboarded"":10},{""gas_fees"":40}]",0x04e7634d51800b606e21615c8cb23086b9e2c49c22d49cebd4b993a4936e292541aaf040b440be546ff22e94066d5dadd6fe50f609be43afaf8e1c63adb24e821b,"{""allocations"":[{""trusted_recurring_users"":40},{""transaction_count"":10},{""trusted_users_onboarded"":10},{""gas_fees"":40}],""os_only"":false,""os_multiplier"":3}"
0x1f5d295778796a8b9f29600a585ab73d452acb1c,true,SUBMITTED,2024-06-30T08:56:32.275Z,2024-06-30T09:14:57.016Z,2024-06-30T09:14:57.016Z,6,1,3,"[{""log_gas_fees"":16},{""trusted_recurring_users"":17},{""transaction_count"":17},{""power_user_addresses"":17},{""log_transaction_count"":17},{""trusted_users_onboarded"":16}]",0x856860c8bd407f2b301aa995c8130dee697616628241d1ca9ce7f845c29b39c25466df9785dcfc3577f1799934788139668bb17612cc1dd12828386fc1a63a441b,"{""allocations"":[{""log_gas_fees"":16},{""trusted_recurring_users"":17},{""transaction_count"":17},{""power_user_addresses"":17},{""log_transaction_count"":17},{""trusted_users_onboarded"":16}],""os_only"":false,""os_multiplier"":3}"
0x146cfed833cc926b16b0da9257e8a281c2add9f3,true,SUBMITTED,2024-07-11T10:29:25.861Z,2024-07-11T10:30:21.457Z,2024-07-11T10:30:21.457Z,3,3,3,"[{""trusted_transaction_count"":33.335},{""openrank_trusted_users_count"":33.33333333333334},{""trusted_recurring_users"":33.335}]",0xa3f8ce3b2d2424c10891d51f925c7d493e1b88ae359d06db3e1c117b34a4117f261a7890701b69a4150efb0437f6a241c93429918ea46951b9af0e3de8ea538a1b,"{""allocations"":[{""trusted_transaction_count"":33.335},{""openrank_trusted_users_count"":33.33333333333334},{""trusted_recurring_users"":33.335}],""os_only"":false,""os_multiplier"":3}"
0x07fda67513ec0897866098a11dc3858089d4a505,true,SUBMITTED,2024-07-09T07:37:57.355Z,2024-07-09T08:43:40.365Z,2024-07-09T08:43:40.365Z,4,3,1.5,"[{""log_gas_fees"":50},{""monthly_active_addresses"":20},{""trusted_users_onboarded"":15},{""recurring_addresses"":15}]",0xa29ffb356b775fc9a49813e15ff81755b9f8e71d43405d096b0b14bd8b1c9f3c2f863ff27643898dfa716e13fc988fb28a1ce3081342e1a5ae86a19ffd92ee251b,"{""allocations"":[{""log_gas_fees"":50},{""monthly_active_addresses"":20},{""trusted_users_onboarded"":15},{""recurring_addresses"":15}],""os_only"":false,""os_multiplier"":1.5}"
0x69e271483c38ed4902a55c3ea8aab9e7cc8617e5,true,SUBMITTED,2024-06-28T13:25:48.734Z,2024-07-10T14:35:56.755Z,2024-07-10T14:35:56.755Z,2,12,3,"[{""log_transaction_count"":50},{""log_gas_fees"":50}]",0xf24c4fd39776581ae8d50b6e629dd30df645721a36d06e1b4c495271525b51b565bc0a88bc6a75bb27760b65d17a21c7b7b142338d545052fc180496ff51a80f1c,"{""allocations"":[{""log_transaction_count"":50},{""log_gas_fees"":50}],""os_only"":false,""os_multiplier"":3}"
0x5d36a202687fd6bd0f670545334bf0b4827cc1e2,true,SUBMITTED,2024-07-08T06:33:36.164Z,2024-07-11T16:03:06.890Z,2024-07-11T16:03:06.890Z,4,9,2.3,"[{""gas_fees"":56},{""power_user_addresses"":14},{""recurring_addresses"":14},{""trusted_users_onboarded"":16}]",0x5c45bfeef1957cc827477b477c918b5c679caebf7a8121188a080114dcc772734e7bab5443126b39c25a15a2b87c41ee469e2d6baf7bc395cd5d86d4508cf5c01c,"{""allocations"":[{""gas_fees"":56},{""power_user_addresses"":14},{""recurring_addresses"":14},{""trusted_users_onboarded"":16}],""os_only"":false,""os_multiplier"":2.3}"
0x75cac0ceb8a39ddb4942a83ad2aafaf0c2a3e13f,true,SUBMITTED,2024-07-11T09:11:07.917Z,2024-07-11T09:18:29.976Z,2024-07-11T09:18:29.976Z,5,0,3,"[{""recurring_addresses"":20},{""trusted_recurring_users"":20},{""gas_fees"":20},{""monthly_active_addresses"":20},{""trusted_users_onboarded"":20}]",0x0236bed129cb4b654c7a599315b3d2c71102ce851caddd8b269972833eb940cb399e3c8cabba4750c62a9068fd09ba0819768a84afdae31c420331773c31f3711b,"{""allocations"":[{""recurring_addresses"":20},{""trusted_recurring_users"":20},{""gas_fees"":20},{""monthly_active_addresses"":20},{""trusted_users_onboarded"":20}],""os_only"":false,""os_multiplier"":3}"
0xda60aceb12a1a61d09b008ae4a60c760db32220f,true,SUBMITTED,2024-07-11T14:04:24.550Z,2024-07-11T14:06:53.055Z,2024-07-11T14:06:53.055Z,3,0,1,"[{""trusted_daily_active_users"":33.335},{""trusted_users_onboarded"":33.335},{""gas_fees"":33.33333333333334}]",0x67c4811de177ebf54d1c849e0bf181970d1ae0982717a4aaff0b97cd365f8bc91d799c216176c6bb5f74d0a2808ddef1e4bbd5e4a9f4931c59302db47f2c5bb21c,"{""allocations"":[{""trusted_daily_active_users"":33.335},{""trusted_users_onboarded"":33.335},{""gas_fees"":33.33333333333334}],""os_only"":false,""os_multiplier"":1}"
0x6eda5acaff7f5964e1ecc3fd61c62570c186ca0c,true,SUBMITTED,2024-06-27T18:51:39.698Z,2024-07-09T22:33:13.362Z,2024-07-09T22:33:13.362Z,5,16,1,"[{""gas_fees"":75},{""trusted_recurring_users"":9.5},{""trusted_users_onboarded"":9.5},{""power_user_addresses"":3},{""trusted_transaction_count"":3}]",0x866e3850b3ce10abefecee8f678721d9dec98a02e51834ff1ea0b0b2b273aaaa78aa83aadfe2494fbbcef7932350006555635e4ae30fa80f66b74ed2cb7ec6021c,"{""allocations"":[{""gas_fees"":75},{""trusted_recurring_users"":9.5},{""trusted_users_onboarded"":9.5},{""power_user_addresses"":3},{""trusted_transaction_count"":3}],""os_only"":false,""os_multiplier"":1}"
0xe422d6c46a69e989ba6468ccd0435cb0c5c243e3,true,SUBMITTED,2024-06-27T14:04:04.497Z,2024-07-07T09:06:19.989Z,2024-07-07T09:06:19.989Z,2,16,2,"[{""monthly_active_addresses"":10},{""log_gas_fees"":90}]",0x5812123edd7601fe575add17f1e5da94fa6846d3959fdc74d2fe211a7eb9ac9072217703734894950f98f5bf1af3bf4ed81eae7794dd0da96185fd9cd44b17221c,"{""allocations"":[{""monthly_active_addresses"":10},{""log_gas_fees"":90}],""os_only"":false,""os_multiplier"":2}"
0x06f455e2c297a4ae015191fa7a4a11c77c5b1b7c,true,SUBMITTED,2024-06-28T09:16:26.009Z,2024-07-02T16:05:12.346Z,2024-07-02T16:05:12.346Z,4,10,2,"[{""trusted_recurring_users"":20},{""trusted_transaction_count"":27},{""power_user_addresses"":25},{""trusted_users_onboarded"":28}]",0xab91d7d2445af1a92a0a0693e48ef2f36306dea36f7c17c6f1e78354576df5ea534470ae6bed23ffcbc67ab506678500f278777ad1b6328fc236b961c5c62db11b,"{""allocations"":[{""trusted_recurring_users"":20},{""trusted_transaction_count"":27},{""power_user_addresses"":25},{""trusted_users_onboarded"":28}],""os_only"":false,""os_multiplier"":2}"
0x8c50651d964b1a573ba0cf51980ca51d9e42623c,true,SUBMITTED,2024-07-01T14:03:13.136Z,2024-07-10T12:35:24.420Z,2024-07-10T12:35:24.420Z,4,16,2,"[{""trusted_users_onboarded"":20},{""transaction_count"":20},{""trusted_recurring_users"":10},{""gas_fees"":50}]",0x341e6027716d3d23595a2c51038ff6407490b413d722365ff32261fb13d1b8bf40988e276acc430309223a1a2cb0ec760814fa81ec578aad71761f6044d1fa771c,"{""allocations"":[{""trusted_users_onboarded"":20},{""transaction_count"":20},{""trusted_recurring_users"":10},{""gas_fees"":50}],""os_only"":false,""os_multiplier"":2}"
0xd31b671f1a398b519222fdaba5ab5464b9f2a3fa,true,SUBMITTED,2024-07-10T18:42:33.871Z,2024-07-10T18:52:33.267Z,2024-07-10T18:52:33.267Z,5,14,3,"[{""trusted_recurring_users"":30},{""trusted_users_onboarded"":10},{""trusted_monthly_active_users"":35},{""transaction_count"":13.30357142857143},{""trusted_transaction_count"":11.69642857142857}]",0xe01445a1d1d1bc31f4b2357cee3b414b72580a50cf270a7b62e1c1567b9d16ae67d7e72ad085008dde0295c1694b1322da7da94126d4178ebbb801cee337d9b21c,"{""allocations"":[{""trusted_recurring_users"":30},{""trusted_users_onboarded"":10},{""trusted_monthly_active_users"":35},{""transaction_count"":13.30357142857143},{""trusted_transaction_count"":11.69642857142857}],""os_only"":false,""os_multiplier"":3}"
0xdb150346155675dd0c93efd960d5985244a34820,true,SUBMITTED,2024-07-10T12:39:45.273Z,2024-07-10T12:46:18.361Z,2024-07-10T12:46:18.361Z,4,10,2,"[{""gas_fees"":25},{""transaction_count"":25},{""trusted_recurring_users"":20},{""trusted_users_onboarded"":30}]",0x85a65562bf1fc221800a71d9909040ec676d6d16700c62e396891fe196c69c43613b98991fa1da4fe6697a31ac25beb06fabb51dae5ce9f1e095cd2a47c0c3251c,"{""allocations"":[{""gas_fees"":25},{""transaction_count"":25},{""trusted_recurring_users"":20},{""trusted_users_onboarded"":30}],""os_only"":false,""os_multiplier"":2}"
0xa50d0e425461ccab26ef30104cdd879b90db3843,true,SUBMITTED,2024-07-10T11:47:59.639Z,2024-07-11T13:44:42.223Z,2024-07-11T13:44:42.223Z,7,12,3,"[{""log_gas_fees"":40},{""daily_active_addresses"":10},{""monthly_active_addresses"":10},{""trusted_monthly_active_users"":10},{""trusted_daily_active_users"":10},{""trusted_recurring_users"":10},{""recurring_addresses"":10}]",0x3bc6256e89ba5b8ac4ecd1a77b235b5f631bf1d89f4d252f24dbd344fa88b9063c635b604d67fab859994bde9794bda2e6fe887ff3cfda62268e0896b21512931b,"{""allocations"":[{""log_gas_fees"":40},{""daily_active_addresses"":10},{""monthly_active_addresses"":10},{""trusted_monthly_active_users"":10},{""trusted_daily_active_users"":10},{""trusted_recurring_users"":10},{""recurring_addresses"":10}],""os_only"":false,""os_multiplier"":3}"
0x8f07bc36ff569312fdc41f3867d80bbd2fe94b76,true,SUBMITTED,2024-06-27T19:23:16.828Z,2024-06-27T19:37:36.150Z,2024-06-27T19:37:36.150Z,6,0,3,"[{""log_gas_fees"":20},{""trusted_monthly_active_users"":5},{""monthly_active_addresses"":5},{""trusted_users_onboarded"":40},{""openrank_trusted_users_count"":5},{""transaction_count"":25}]",0x297659e8b6cb77584868e3098ad72c092aa5a45151d93fc34e7c159799775dd94677a62cee47a33940db51713b7a64550cc1509cdbfd0075e4ad7b4d239305701b,"{""allocations"":[{""log_gas_fees"":20},{""trusted_monthly_active_users"":5},{""monthly_active_addresses"":5},{""trusted_users_onboarded"":40},{""openrank_trusted_users_count"":5},{""transaction_count"":25}],""os_only"":false,""os_multiplier"":3}"
0xd35e119782059a27fead4edda8b555f393650bc8,true,SUBMITTED,2024-07-03T14:35:53.128Z,2024-07-03T14:46:20.029Z,2024-07-03T14:46:20.029Z,5,0,3,"[{""trusted_daily_active_users"":15},{""gas_fees"":20},{""trusted_transaction_count"":15},{""trusted_users_onboarded"":30},{""trusted_recurring_users"":20}]",0x4e2ac80954440939fb83c8867214eceef6f4eab08073a820ff4c6fb7da83a03071e1e8019ccc1b8ff84f256c0bcf21af6e5c6fb2af6fb2e6d28adf892122f9761b,"{""allocations"":[{""trusted_daily_active_users"":15},{""gas_fees"":20},{""trusted_transaction_count"":15},{""trusted_users_onboarded"":30},{""trusted_recurring_users"":20}],""os_only"":false,""os_multiplier"":2}"
0x576f1e53afe5e99b2257258c7e3248d3a1822548,true,SUBMITTED,2024-07-06T04:39:46.812Z,2024-07-06T04:45:34.186Z,2024-07-06T04:45:34.186Z,4,11,1,"[{""power_user_addresses"":20},{""gas_fees"":40},{""recurring_addresses"":20},{""monthly_active_addresses"":20}]",0xa31598de7e41027ab098aa9044e45cd4f9c2db1f33fc3ce7bdfe2874f59d12227b13de1b0488ec07a99922e5bb4f528a286d10ee7dd0d9e568e5d42ccac7f78f1b,"{""allocations"":[{""power_user_addresses"":20},{""gas_fees"":40},{""recurring_addresses"":20},{""monthly_active_addresses"":20}],""os_only"":false,""os_multiplier"":1}"
0x006a8a496889e9983a5256f34b608ee9569ba319,true,SUBMITTED,2024-07-11T16:08:04.571Z,2024-07-11T16:12:46.598Z,2024-07-11T16:12:46.598Z,6,2,3,"[{""openrank_trusted_users_count"":2},{""trusted_monthly_active_users"":5},{""monthly_active_addresses"":20},{""trusted_recurring_users"":21.78393305439331},{""log_transaction_count"":21.78393305439331},{""log_gas_fees"":29.43213389121339}]",0x8e7b99410454de64550be397f3114393e89604a8cd46759c92d27d92da4ec48d6e7a2dd776adbac1d46c6db860c0883e2635d652dbc2ceb0485a311b685cc7c41c,"{""allocations"":[{""openrank_trusted_users_count"":2},{""trusted_monthly_active_users"":5},{""monthly_active_addresses"":20},{""trusted_recurring_users"":21.78393305439331},{""log_transaction_count"":21.78393305439331},{""log_gas_fees"":29.43213389121339}],""os_only"":false,""os_multiplier"":3}"
0xa2bbe92f4e320185dd42261897464f60c9a05a35,true,SUBMITTED,2024-07-11T10:07:52.510Z,2024-07-11T10:10:19.497Z,2024-07-11T10:10:19.497Z,9,0,1,"[{""daily_active_addresses"":10.249017},{""monthly_active_addresses"":11.120139},{""trusted_daily_active_users"":11.120139},{""gas_fees"":11.120139},{""trusted_recurring_users"":10.249017},{""openrank_trusted_users_count"":11.11111111111111},{""trusted_transaction_count"":11.11125},{""recurring_addresses"":10.249017},{""power_user_addresses"":13.671282}]",0x35fa2624f1bc3a8a7556ac93d15e65f926d154d7d47d660b83d5b40bbf5501cd4ea3ca8ae7ce74a01cda80826f2ce1285cec40676542b428e2cd9f033f66b85e1c,"{""allocations"":[{""daily_active_addresses"":10.249017},{""monthly_active_addresses"":11.120139},{""trusted_daily_active_users"":11.120139},{""gas_fees"":11.120139},{""trusted_recurring_users"":10.249017},{""openrank_trusted_users_count"":11.11111111111111},{""trusted_transaction_count"":11.11125},{""recurring_addresses"":10.249017},{""power_user_addresses"":13.671282}],""os_only"":false,""os_multiplier"":1}"
0x585639fbf797c1258eba8875c080eb63c833d252,true,SUBMITTED,2024-06-27T18:51:50.571Z,2024-07-09T14:04:19.010Z,2024-07-09T14:04:19.010Z,2,0,1,"[{""gas_fees"":90},{""log_gas_fees"":10}]",0x1d6a4e32fb4b36f3f7f4d7f65e988a07cf96b4989ac9b13e5b5d95dc95ff133d7c8f9333d9d50ea1764e0438671bff9773b5207051a748ee7239714b016055361b,"{""allocations"":[{""gas_fees"":90},{""log_gas_fees"":10}],""os_only"":false,""os_multiplier"":1}"
0xabf28f8d9adfb2255f4a059e37d3bce9104969db,true,SUBMITTED,2024-07-05T21:29:17.178Z,2024-07-05T21:36:01.003Z,2024-07-05T21:36:01.003Z,7,9,2,"[{""log_trusted_transaction_count"":15},{""trusted_monthly_active_users"":15},{""monthly_active_addresses"":12.82352941176471},{""log_gas_fees"":20},{""trusted_transaction_share"":12.54901960784314},{""trusted_users_onboarded"":12.22549019607843},{""trusted_transaction_count"":12.40196078431373}]",0x6e2704caf74fdd115810d00ddd6f3c7b332f6b425e3354838c921c1a1874b05e46b1a85ab763352f0aee35a29896b7d82782609436a3bcd5c12a5be236b8e4d71c,"{""allocations"":[{""log_trusted_transaction_count"":15},{""trusted_monthly_active_users"":15},{""monthly_active_addresses"":12.82352941176471},{""log_gas_fees"":20},{""trusted_transaction_share"":12.54901960784314},{""trusted_users_onboarded"":12.22549019607843},{""trusted_transaction_count"":12.40196078431373}],""os_only"":false,""os_multiplier"":2}"
0x308fedfb88f6e85f27b85c8011ccb9b5e15bcbf7,true,SUBMITTED,2024-07-10T19:37:25.309Z,2024-07-10T20:17:16.176Z,2024-07-10T20:17:16.176Z,2,16,3,"[{""recurring_addresses"":65},{""trusted_users_onboarded"":35}]",0xf13d95143fbb663e29644df281ee97032180a96d27e83fe3b596060e0fdc4136766c3fb2dd590f76b433b1655e26c9bc65517a0d5c98387ff3e73190289f804d1c,"{""allocations"":[{""recurring_addresses"":65},{""trusted_users_onboarded"":35}],""os_only"":false,""os_multiplier"":3}"
0x5e349eca2dc61abcd9dd99ce94d04136151a09ee,true,SUBMITTED,2024-07-02T17:14:04.083Z,2024-07-05T15:07:26.708Z,2024-07-05T15:07:26.708Z,9,16,1.5,"[{""transaction_count"":5},{""monthly_active_addresses"":5},{""gas_fees"":15},{""trusted_transaction_count"":5},{""trusted_users_onboarded"":21.89194029850746},{""openrank_trusted_users_count"":1},{""trusted_recurring_users"":21.55701492537313},{""trusted_monthly_active_users"":24.5510447761194},{""power_user_addresses"":1}]",0x0528f3e3d9e4068710a5f7bdfb3443030443c0e58f8633142f8df1942d2db87868e157c442ef330f1d00e9d04c4b95b412b5b7a66a0fc6af64727dc134bc72881c,"{""allocations"":[{""transaction_count"":5},{""monthly_active_addresses"":5},{""gas_fees"":15},{""trusted_transaction_count"":5},{""trusted_users_onboarded"":21.89194029850746},{""openrank_trusted_users_count"":1},{""trusted_recurring_users"":21.55701492537313},{""trusted_monthly_active_users"":24.5510447761194},{""power_user_addresses"":1}],""os_only"":false,""os_multiplier"":1.5}"
0x17640d0d8c93bf710b6ee4208997bb727b5b7bc2,true,SUBMITTED,2024-06-27T19:09:19.192Z,2024-07-10T00:08:01.574Z,2024-07-10T00:08:01.574Z,5,16,1.8,"[{""log_trusted_transaction_count"":1},{""log_gas_fees"":48.5},{""recurring_addresses"":1},{""monthly_active_addresses"":1},{""log_transaction_count"":48.5}]",0xd745c2afff2479b5d455f52adb12162684a426e5fef40647d8f67c8b28776aa322c189b58e435bedbc18fd369d4563f5e120ff39a95d6ffde8132e2cc975e0341c,"{""allocations"":[{""log_trusted_transaction_count"":1},{""log_gas_fees"":48.5},{""recurring_addresses"":1},{""monthly_active_addresses"":1},{""log_transaction_count"":48.5}],""os_only"":false,""os_multiplier"":1.8}"
0xc5cd017ce8efd2fefedf114350657394531477ae,true,SUBMITTED,2024-07-11T18:04:30.719Z,2024-07-11T18:09:38.907Z,2024-07-11T18:09:38.907Z,5,1,3,"[{""gas_fees"":35},{""recurring_addresses"":18},{""trusted_recurring_users"":12},{""trusted_users_onboarded"":15},{""power_user_addresses"":20}]",0x9d005e4a99e8508eff1c3457dd7d95397b14172b940ed4351425db52090182c223c410acd24940421825ebc2d6bf780183dd458be2ef403994c9621d65f6b4241c,"{""allocations"":[{""gas_fees"":35},{""recurring_addresses"":18},{""trusted_recurring_users"":12},{""trusted_users_onboarded"":15},{""power_user_addresses"":20}],""os_only"":false,""os_multiplier"":3}"
0xdb5781a835b60110298ff7205d8ef9678ff1f800,true,SUBMITTED,2024-06-30T10:27:00.652Z,2024-07-03T00:43:09.745Z,2024-07-03T00:43:09.745Z,2,16,3,"[{""transaction_count"":50},{""gas_fees"":50}]",0xacadafb40bbeda742b085490d7b1b3fef0d8abb65702c6a51a0e38eb52bd39a847289c2f4d714b36045b2bd3e8cd90215cf7aa1a926d344f19046f099a0c05ad1b,"{""allocations"":[{""gas_fees"":50},{""transaction_count"":50}],""os_only"":false,""os_multiplier"":3}"
0xa3eac0016f6581ac34768c0d4b99ddcd88071c3c,true,SUBMITTED,2024-07-04T10:33:19.199Z,2024-07-04T10:35:51.047Z,2024-07-04T10:35:51.047Z,1,0,1,"[{""trusted_recurring_users"":100}]",0x05f2df07a20b9304bba3b0fc11709fd9c1adf113dc0a6b65f5f3dbdd56945beb34ac4e703d61e1c9f04d2e52cc5d7de87dbbe02fe839c65956fb9cf1a384368c1c,"{""allocations"":[{""trusted_recurring_users"":100}],""os_only"":false,""os_multiplier"":1}"
0x66946def4ba6153c500d743b7a5febfc1654d6bd,true,SUBMITTED,2024-06-28T00:19:01.055Z,2024-07-08T05:16:46.510Z,2024-07-08T05:16:46.510Z,5,16,2.6,"[{""trusted_users_onboarded"":12},{""trusted_transaction_share"":24},{""log_gas_fees"":26},{""trusted_transaction_count"":18},{""transaction_count"":20}]",0x2b0e9fd5183f05e3b0ba8e478996bfa019df51331660f3942951cafc58cfd3691811d47b995176f65e888b8a818e5a15204f3375a3aeb5c4f78b095dcf9091921c,"{""allocations"":[{""trusted_users_onboarded"":12},{""trusted_transaction_share"":24},{""log_gas_fees"":26},{""trusted_transaction_count"":18},{""transaction_count"":20}],""os_only"":false,""os_multiplier"":2.6}"
0x9934465ee73beaf148b1b3ff232c8cd86c4c2c63,true,SUBMITTED,2024-07-01T14:45:29.034Z,2024-07-01T14:47:30.015Z,2024-07-01T14:47:30.015Z,5,10,1,"[{""gas_fees"":30},{""transaction_count"":12.625},{""trusted_monthly_active_users"":12.375},{""trusted_recurring_users"":25},{""trusted_users_onboarded"":20}]",0x6c1166d68ec19e9929ca96fc4c0392338b78450e6974877801ddb6d40feacbe61a208117620ed882d539b1daac8784f70d123913cbfb176bcd379da27fe9a03d1b,"{""allocations"":[{""gas_fees"":30},{""transaction_count"":12.625},{""trusted_monthly_active_users"":12.375},{""trusted_recurring_users"":25},{""trusted_users_onboarded"":20}],""os_only"":false,""os_multiplier"":1}"
0x826976d7c600d45fb8287ca1d7c76fc8eb732030,true,SUBMITTED,2024-07-01T19:43:50.141Z,2024-07-03T23:59:51.322Z,2024-07-03T23:59:51.322Z,5,11,2.4,"[{""trusted_users_onboarded"":15},{""log_trusted_transaction_count"":27},{""log_gas_fees"":20.81176470588236},{""trusted_transaction_share"":18},{""monthly_active_addresses"":19.18823529411765}]",0xe0b3b07dfac5b6c75e588e509c624ca802e7b456bd4ee3a6090cfd6ed6a0a17947b906748ca205c375d694a82563ed61010767178be1c562a9e126db0116c7281b,"{""allocations"":[{""trusted_users_onboarded"":15},{""log_trusted_transaction_count"":27},{""log_gas_fees"":20.81176470588236},{""trusted_transaction_share"":18},{""monthly_active_addresses"":19.18823529411765}],""os_only"":false,""os_multiplier"":2.4}"
0x61b647d3b5a04eec7e78b1d9cfbf9dea593c7865,true,SUBMITTED,2024-07-04T13:35:27.761Z,2024-07-04T13:42:05.219Z,2024-07-04T13:42:05.219Z,7,0,1.5,"[{""trusted_transaction_count"":14.23633736638083},{""trusted_users_onboarded"":14.28571428571429},{""log_gas_fees"":14.25647362856807},{""log_trusted_transaction_count"":14.42763185715964},{""trusted_recurring_users"":14.28667802184894},{""gas_fees"":14.25647362856807},{""trusted_monthly_active_users"":14.24640549747445}]",0xb585067e9f509805cd356478b25bc1cf6f2af3488343d3bdbc33e2a057e0524c1219b635bbd13b42dc68200cb66ab97fee8857fde81e464946e5baa26953f26d1c,"{""allocations"":[{""trusted_transaction_count"":14.23633736638083},{""trusted_users_onboarded"":14.28571428571429},{""log_gas_fees"":14.25647362856807},{""log_trusted_transaction_count"":14.42763185715964},{""trusted_recurring_users"":14.28667802184894},{""gas_fees"":14.25647362856807},{""trusted_monthly_active_users"":14.24640549747445}],""os_only"":false,""os_multiplier"":1.5}"
0x378c23b326504df4d29c81ba6757f53b2c59f315,true,SUBMITTED,2024-07-11T12:12:13.646Z,2024-07-11T12:50:29.226Z,2024-07-11T12:50:29.226Z,16,16,1.5,"[{""trusted_users_onboarded"":1},{""gas_fees"":30},{""trusted_monthly_active_users"":3},{""trusted_daily_active_users"":3},{""log_trusted_transaction_count"":2},{""daily_active_addresses"":8},{""monthly_active_addresses"":7},{""transaction_count"":5},{""log_gas_fees"":20},{""trusted_transaction_count"":3},{""trusted_recurring_users"":2},{""log_transaction_count"":4},{""openrank_trusted_users_count"":3},{""power_user_addresses"":1},{""recurring_addresses"":4},{""trusted_transaction_share"":4}]",0xad00bc6af4c67e8053caa7402b5b51984b1bdb141a763291936a30987c4de6ba41c90e2a353e0f147a1af6f3063ca137f93922523cec26cca0477087a5915dc41c,"{""allocations"":[{""trusted_users_onboarded"":1},{""gas_fees"":30},{""trusted_monthly_active_users"":3},{""trusted_daily_active_users"":3},{""log_trusted_transaction_count"":2},{""daily_active_addresses"":8},{""monthly_active_addresses"":7},{""transaction_count"":5},{""log_gas_fees"":20},{""trusted_transaction_count"":3},{""trusted_recurring_users"":2},{""log_transaction_count"":4},{""openrank_trusted_users_count"":3},{""power_user_addresses"":1},{""recurring_addresses"":4},{""trusted_transaction_share"":4}],""os_only"":false,""os_multiplier"":1.5}"
0x4fd6b3204a6ab48978018b25821682f090840333,true,SUBMITTED,2024-07-04T21:57:04.885Z,2024-07-11T01:50:22.133Z,2024-07-11T01:50:22.133Z,3,0,1,"[{""log_gas_fees"":20},{""gas_fees"":50},{""monthly_active_addresses"":30}]",0x2f89765ec70af2843e045040a0f586d389ce6f3a83e21e696054df5fc27a580771b2c5bbd2793cf73dd0312242d18af0eb3ce0aecedb57eacf540311dc26e8871b,"{""allocations"":[{""log_gas_fees"":20},{""gas_fees"":50},{""monthly_active_addresses"":30}],""os_only"":false,""os_multiplier"":1}"
0x434f5325ddcdbbfcce64be2617c72c4aa33ec3e7,true,SUBMITTED,2024-07-07T06:38:09.880Z,2024-07-07T06:44:11.565Z,2024-07-07T06:44:11.565Z,11,1,1.5,"[{""trusted_users_onboarded"":5},{""daily_active_addresses"":15},{""trusted_daily_active_users"":10},{""log_gas_fees"":5},{""monthly_active_addresses"":10},{""gas_fees"":10},{""log_transaction_count"":5},{""trusted_monthly_active_users"":15},{""log_trusted_transaction_count"":5},{""trusted_transaction_count"":15},{""trusted_recurring_users"":5}]",0x83769ca08e3323d702d4b0d4c593db1a705d29e34d4fa671c5c3c3595a5a770d4af5feb5f85e8526773fc6344140c410a2c8d5da89dce366040a6e7c9c23f3751b,"{""allocations"":[{""trusted_users_onboarded"":5},{""daily_active_addresses"":15},{""trusted_daily_active_users"":10},{""log_gas_fees"":5},{""monthly_active_addresses"":10},{""gas_fees"":10},{""log_transaction_count"":5},{""trusted_monthly_active_users"":15},{""log_trusted_transaction_count"":5},{""trusted_transaction_count"":15},{""trusted_recurring_users"":5}],""os_only"":false,""os_multiplier"":1.5}"
0x490c91f38ec57e3ab00811e0c51a62bfed7e81f4,true,SUBMITTED,2024-07-07T23:17:13.487Z,2024-07-07T23:23:01.888Z,2024-07-07T23:23:01.888Z,4,0,3,"[{""transaction_count"":25.002499750025},{""trusted_users_onboarded"":25},{""gas_fees"":25.002499750025},{""recurring_addresses"":24.99500049995}]",0xb80c2a5188b1496b809113eeb4a4ec8466e6ad5c519b94635fa2937d2123f2c31077daaea6a9918ab7fa4038f87ca2e8f76c093fe89078adb8d86be25f4886261c,"{""allocations"":[{""transaction_count"":25.002499750025},{""trusted_users_onboarded"":25},{""gas_fees"":25.002499750025},{""recurring_addresses"":24.99500049995}],""os_only"":false,""os_multiplier"":3}"
0x1e6d9f536a5d1cc04fc13b3133efdb90c8ee5ea1,true,SUBMITTED,2024-07-09T19:46:32.015Z,2024-07-09T19:54:00.284Z,2024-07-09T19:54:00.284Z,3,2,2,"[{""gas_fees"":50},{""trusted_users_onboarded"":20},{""log_trusted_transaction_count"":30}]",0xf4d8a41307cfe59e1319d766a2c254f64badb9fdb1cf820e05cfef6e104b0ed9383d7a3be076d0954269134f67fe30a656dc3177cfda885cd769c5e43981ae941c,"{""allocations"":[{""gas_fees"":50},{""trusted_users_onboarded"":20},{""log_trusted_transaction_count"":30}],""os_only"":false,""os_multiplier"":2}"
0x5555763613a12d8f3e73be831dff8598089d3dca,true,SUBMITTED,2024-07-11T10:19:19.008Z,2024-07-11T10:30:03.176Z,2024-07-11T10:30:03.176Z,9,0,2,"[{""trusted_transaction_count"":13},{""trusted_recurring_users"":9.965635738831613},{""trusted_monthly_active_users"":11},{""log_trusted_transaction_count"":15},{""trusted_transaction_share"":10.04418262150221},{""trusted_daily_active_users"":9.945999018163965},{""log_gas_fees"":10},{""power_user_addresses"":10.04418262150221},{""openrank_trusted_users_count"":11}]",0xb563bc0d3dd418975c37297188d1034bd5fb28afb3fcaaf712f5f85f0abf11243976d16c54586fb79d1209e9fd71b9d5ed5da50ac6d7e97a88a8bfbf30c691691b,"{""allocations"":[{""trusted_transaction_count"":13},{""trusted_recurring_users"":9.965635738831613},{""trusted_monthly_active_users"":11},{""log_trusted_transaction_count"":15},{""trusted_transaction_share"":10.04418262150221},{""trusted_daily_active_users"":9.945999018163965},{""log_gas_fees"":10},{""power_user_addresses"":10.04418262150221},{""openrank_trusted_users_count"":11}],""os_only"":false,""os_multiplier"":2}"
0x57893e666bd15e886d74751b0879361a3383b57a,true,SUBMITTED,2024-07-03T14:47:49.149Z,2024-07-03T20:07:10.507Z,2024-07-03T20:07:10.507Z,13,5,2,"[{""trusted_users_onboarded"":10},{""transaction_count"":8},{""trusted_recurring_users"":10},{""openrank_trusted_users_count"":8},{""log_transaction_count"":8},{""log_trusted_transaction_count"":8},{""trusted_transaction_count"":8},{""gas_fees"":5},{""recurring_addresses"":3},{""monthly_active_addresses"":5},{""trusted_monthly_active_users"":12},{""trusted_daily_active_users"":10},{""daily_active_addresses"":5}]",0x71629360501ca6c6d53e5377c1c08c08061ad878dd6f38596626c01bb040505b79752a983cdee122b3153b0dee2af6a4549ca721ff23cb7b9d6c9d6a1c64131a1c,"{""allocations"":[{""trusted_users_onboarded"":10},{""transaction_count"":8},{""trusted_recurring_users"":10},{""openrank_trusted_users_count"":8},{""log_transaction_count"":8},{""log_trusted_transaction_count"":8},{""trusted_transaction_count"":8},{""gas_fees"":5},{""recurring_addresses"":3},{""monthly_active_addresses"":5},{""trusted_monthly_active_users"":12},{""trusted_daily_active_users"":10},{""daily_active_addresses"":5}],""os_only"":false,""os_multiplier"":2}"
0xef32eb37f3e8b4bdddf99879b23015f309ed7304,true,SUBMITTED,2024-07-06T13:12:14.996Z,2024-07-06T14:11:03.661Z,2024-07-06T14:11:03.661Z,3,16,3,"[{""monthly_active_addresses"":30},{""recurring_addresses"":25},{""log_transaction_count"":45}]",0x2e4997669904a049c639eb08faa8083fcbff5b8985b3f8c2af878e4ff4c6b2535280198f1768cd776d4a9918db50970da9415bea972beff8151c7123a8494b5a1b,"{""allocations"":[{""monthly_active_addresses"":30.00359971202304},{""recurring_addresses"":25},{""log_transaction_count"":44.99640028797696}],""os_only"":false,""os_multiplier"":3}"
0x45a10f35befa4ab841c77860204b133118b7ccae,true,SUBMITTED,2024-06-27T20:39:22.484Z,2024-07-11T16:35:46.007Z,2024-07-11T16:35:46.007Z,5,16,3,"[{""trusted_recurring_users"":20},{""gas_fees"":20},{""monthly_active_addresses"":20},{""trusted_monthly_active_users"":20},{""trusted_users_onboarded"":20}]",0x4c6687c107ed6ad90dbefcfe2f0fc3fe5395e60196a3dd6f3452f1ca6160ea283083f0f95264f233a9c1fdd3d1b122b532d86c0cbb1d686ac06db521ba0059a51c,"{""allocations"":[{""trusted_recurring_users"":20},{""gas_fees"":20},{""monthly_active_addresses"":20},{""trusted_monthly_active_users"":20},{""trusted_users_onboarded"":20}],""os_only"":false,""os_multiplier"":3}"
0xdcf7be2ff93e1a7671724598b1526f3a33b1ec25,true,SUBMITTED,2024-07-06T13:10:56.158Z,2024-07-06T13:31:29.883Z,2024-07-06T13:31:29.883Z,5,2,1,"[{""trusted_users_onboarded"":4},{""log_transaction_count"":6},{""gas_fees"":80},{""log_gas_fees"":8},{""recurring_addresses"":2}]",0xb616f98a173b3d9518f2365457ad238c1f1cf7472d04d88618d1b0432958958952606f9ab20ae398d444041a5b1c474f76d067a5ee5e8e32ca8c11d4a139af5c1b,"{""allocations"":[{""trusted_users_onboarded"":4},{""log_transaction_count"":6},{""gas_fees"":80},{""log_gas_fees"":8},{""recurring_addresses"":2}],""os_only"":false,""os_multiplier"":1}"
0xdcf09a83e9cc4611b2215bfb7116bfaf5e906d3d,true,SUBMITTED,2024-07-11T18:06:56.989Z,2024-07-11T18:09:38.037Z,2024-07-11T18:09:38.037Z,7,8,3,"[{""log_gas_fees"":14.28571428571429},{""trusted_transaction_count"":14.285},{""log_trusted_transaction_count"":14.285},{""openrank_trusted_users_count"":14.285},{""recurring_addresses"":14.285},{""trusted_recurring_users"":14.285},{""trusted_daily_active_users"":14.285}]",0x378c1a0bd4cd8cc7d0e4548684557c6ac5a929a64ef5dec23a516e0865a045b8121599035a2a46590180b429a362e4c0f0ca64724a1a5f9a0ac2e1c21e144b701c,"{""allocations"":[{""log_gas_fees"":14.28571428571429},{""trusted_transaction_count"":14.285},{""log_trusted_transaction_count"":14.285},{""openrank_trusted_users_count"":14.285},{""recurring_addresses"":14.285},{""trusted_recurring_users"":14.285},{""trusted_daily_active_users"":14.285}],""os_only"":false,""os_multiplier"":3}"
0xf68d2bfcecd7895bba05a7451dd09a1749026454,true,SUBMITTED,2024-06-27T18:51:13.133Z,2024-07-09T13:48:59.750Z,2024-07-09T13:48:59.750Z,2,2,1.2,"[{""trusted_transaction_count"":5},{""gas_fees"":95}]",0x36002e1f864437f38589196f5361ceaa1cefaaa9a5fdfeb4c42efc8c534b316d3b326e6ae826ed2b416b6449e990e0beebd2df20a87138938c56d50a7bbe84511c,"{""allocations"":[{""trusted_transaction_count"":5},{""gas_fees"":95}],""os_only"":false,""os_multiplier"":1.2}"
0x7fc80fad32ec41fd5cfcc14eee9c31953b6b4a8b,true,SUBMITTED,2024-07-04T17:10:51.549Z,2024-07-06T20:25:57.540Z,2024-07-06T20:25:57.540Z,4,10,1.2,"[{""recurring_addresses"":25},{""trusted_transaction_count"":15},{""power_user_addresses"":10},{""log_gas_fees"":50}]",0x8fcd575a6c8e44b2f2b272673098e83b6115612bd7a7005d63b19db75a08d05041373da52c55fb6ae359766dda13a201fc4acd2bfd46e94d49b734abd55add971b,"{""allocations"":[{""recurring_addresses"":25},{""trusted_transaction_count"":15},{""power_user_addresses"":10},{""log_gas_fees"":50}],""os_only"":false,""os_multiplier"":1.2}"
0x1d3bf13f8f7a83390d03db5e23a950778e1d1309,true,SUBMITTED,2024-06-27T20:24:04.911Z,2024-07-09T09:04:09.777Z,2024-07-09T09:04:09.777Z,4,0,2,"[{""recurring_addresses"":25},{""transaction_count"":10},{""gas_fees"":50},{""trusted_users_onboarded"":15}]",0x82453142e9a6319d3f4eefd4bd5d4b5f847d85dae7bf258b9696fbed9cb4518051ad7d4d181dfd099da5b5835b2387611d79fbb940b90e68b31e82b3aaee6d1a1b,"{""allocations"":[{""recurring_addresses"":25},{""transaction_count"":10},{""gas_fees"":50},{""trusted_users_onboarded"":15}],""os_only"":false,""os_multiplier"":2}"
0x6dc43be93a8b5fd37dc16f24872babc6da5e5e3e,true,SUBMITTED,2024-06-27T23:07:45.596Z,2024-07-09T16:19:29.833Z,2024-07-09T16:19:29.833Z,6,16,1.5,"[{""trusted_transaction_share"":30},{""log_gas_fees"":30},{""trusted_monthly_active_users"":9.515248796147672},{""transaction_count"":9.515248796147672},{""daily_active_addresses"":11.40288924558588},{""trusted_users_onboarded"":9.56661316211878}]",0x641bae0fbe5724b85ba376b6fdb13735c72386ac9e9e808eb050e603f99c18d070f09bd17920e8c7dc34abd5d5f2721950c233422b49b937e3dfb91fe72b4ec31b,"{""allocations"":[{""trusted_transaction_share"":30},{""log_gas_fees"":30},{""trusted_monthly_active_users"":9.515248796147672},{""transaction_count"":9.515248796147672},{""daily_active_addresses"":11.40288924558588},{""trusted_users_onboarded"":9.56661316211878}],""os_only"":false,""os_multiplier"":1.5}"
0xf4b0556b9b6f53e00a1fdd2b0478ce841991d8fa,true,SUBMITTED,2024-07-08T14:03:19.727Z,2024-07-08T14:06:15.155Z,2024-07-08T14:06:15.155Z,6,0,1,"[{""trusted_users_onboarded"":16.666},{""gas_fees"":16.66666666666667},{""trusted_transaction_share"":16.666},{""power_user_addresses"":16.666},{""trusted_transaction_count"":16.666},{""trusted_daily_active_users"":16.666}]",0x78702f4e197ca3850987cd77156b2cccb5a3f54268a502d4d8ee734012694a4f13ac7eba8d4bd94ddbdc742c1fb9b5fc64eb1ffbc3748190a9b9e78e8f7cfacc1b,"{""allocations"":[{""trusted_users_onboarded"":16.666},{""gas_fees"":16.66666666666667},{""trusted_transaction_share"":16.666},{""power_user_addresses"":16.666},{""trusted_transaction_count"":16.666},{""trusted_daily_active_users"":16.666}],""os_only"":false,""os_multiplier"":1}"
0x53c61cfb8128ad59244e8c1d26109252ace23d14,true,SUBMITTED,2024-07-08T07:34:38.734Z,2024-07-08T07:36:59.979Z,2024-07-08T07:36:59.979Z,6,1,1,"[{""power_user_addresses"":5},{""gas_fees"":28},{""recurring_addresses"":5},{""monthly_active_addresses"":14},{""transaction_count"":20},{""trusted_users_onboarded"":28}]",0x2f65c85a7a3bef2486c4d167327ed24dc6499df51baa31df398e6ec7ae27c7432545bf5dd9d465fb4e870402f331518cd0a002b3dcc92d00d282c86dce13d4781c,"{""allocations"":[{""power_user_addresses"":5},{""gas_fees"":28},{""recurring_addresses"":5},{""monthly_active_addresses"":14},{""transaction_count"":20},{""trusted_users_onboarded"":28}],""os_only"":false,""os_multiplier"":1}"
0xeee718c1e522ecb4b609265db7a83ab48ea0b06f,true,SUBMITTED,2024-07-04T15:32:05.437Z,2024-07-04T15:36:51.522Z,2024-07-04T15:36:51.522Z,4,9,2,"[{""gas_fees"":15},{""trusted_monthly_active_users"":40},{""trusted_users_onboarded"":30},{""log_gas_fees"":15}]",0xfde6de8fda62d401f776294980630e01da437be6467bc81de65e08b9fd2cb7c56783c13ce3724500d62b4298c009528371d5f7b048b3223c7a6375bdc7a425631b,"{""allocations"":[{""gas_fees"":15},{""trusted_monthly_active_users"":40},{""trusted_users_onboarded"":30},{""log_gas_fees"":15}],""os_only"":false,""os_multiplier"":2}"
0x288c53a1ba857ead34ad0e79f644087f8174185a,true,SUBMITTED,2024-07-06T02:16:00.011Z,2024-07-06T10:04:23.833Z,2024-07-06T10:04:23.833Z,3,16,3,"[{""trusted_users_onboarded"":40},{""trusted_recurring_users"":35},{""gas_fees"":25}]",0x1166500e17a38b288c054c1261ee8b35debf2649115ca53029865b94972d3f521ea616a090a53904d6b5edd472de0c950b75716673cbe8f016b5117193f38fed1b,"{""allocations"":[{""trusted_users_onboarded"":40},{""trusted_recurring_users"":35},{""gas_fees"":25}],""os_only"":false,""os_multiplier"":3}"
0x12681667bb220521c222f50ece5eb752046bc144,true,SUBMITTED,2024-07-01T13:39:42.017Z,2024-07-07T12:40:38.816Z,2024-07-07T12:40:38.816Z,3,0,2.2,"[{""log_gas_fees"":40},{""trusted_monthly_active_users"":40},{""trusted_users_onboarded"":20}]",0xe2298803e0b6c4c924350661d76661d9d9c182f4a2efc7db5c6bd1bfc10abf4d27ef8fd7f3b18438ef178cc4691c658f69131e17d3e2771ce804a2bb6fb73bce1c,"{""allocations"":[{""log_gas_fees"":40},{""trusted_monthly_active_users"":40},{""trusted_users_onboarded"":20}],""os_only"":false,""os_multiplier"":2.2}"
0x0f2ce18919b4eb9838760cfdda65e4c8766e9c19,true,SUBMITTED,2024-07-09T22:40:31.194Z,2024-07-09T22:42:33.223Z,2024-07-09T22:42:33.223Z,2,0,1,"[{""log_gas_fees"":30},{""gas_fees"":70}]",0x186f07af04501a0a5a3a67c40dd701f31faef984703e9da221d74aff301329c770f85681e43079e03a65e1dd062713312f552f3b7f9684ce1e296cec02766b261b,"{""allocations"":[{""log_gas_fees"":30},{""gas_fees"":70}],""os_only"":false,""os_multiplier"":1}"
0xdadd7c883288cfe2e257b0a361865e5e9349808b,true,SUBMITTED,2024-07-11T13:57:26.050Z,2024-07-11T14:50:52.779Z,2024-07-11T14:50:52.779Z,5,8,2,"[{""trusted_users_onboarded"":25},{""gas_fees"":30},{""trusted_recurring_users"":25},{""trusted_daily_active_users"":5},{""trusted_monthly_active_users"":15}]",0xea4ceab1791c30ed65c0ed6479fb85ea5a6b8d88995e3f8393d6730884f0cd872c728d464053d9f73105298463594c26b67760b15f5a22ce127b72d3496738ee1b,"{""allocations"":[{""trusted_users_onboarded"":25},{""gas_fees"":30},{""trusted_recurring_users"":25},{""trusted_daily_active_users"":5},{""trusted_monthly_active_users"":15}],""os_only"":false,""os_multiplier"":2}"
0x53e0b897eae600b2f6855fce4a42482e9229d2c2,true,SUBMITTED,2024-07-07T15:02:57.234Z,2024-07-07T15:04:05.995Z,2024-07-07T15:04:05.995Z,3,15,3,"[{""trusted_users_onboarded"":50},{""daily_active_addresses"":25},{""gas_fees"":25}]",0x30aea752696f0d3375c5a679f7801fa695f94a8af0abcd419db9960e8a82011108bbf4db2177b96c0bce60636a87b9834e8edd47d25ca993f441c6429f4f56eb1b,"{""allocations"":[{""trusted_users_onboarded"":50},{""daily_active_addresses"":25},{""gas_fees"":25}],""os_only"":false,""os_multiplier"":3}"
0x534631bcf33bdb069fb20a93d2fdb9e4d4dd42cf,true,SUBMITTED,2024-07-08T20:14:32.588Z,2024-07-09T10:54:42.153Z,2024-07-09T10:54:42.153Z,4,16,3,"[{""log_gas_fees"":30},{""recurring_addresses"":30},{""log_transaction_count"":20},{""power_user_addresses"":20}]",0xd49b50ab7a55d209843dc05f6d5d55bb1891025576a54c81bfb827108e3450351e6b6565721280175bdcc3e0f3adce87ebb8457a3b442d1a4e6b24cd9877eec91b,"{""allocations"":[{""log_gas_fees"":30},{""recurring_addresses"":30},{""log_transaction_count"":20},{""power_user_addresses"":20}],""os_only"":false,""os_multiplier"":3}"
0x7899d9b1181cbb427b0b1be0684c096c260f7474,true,SUBMITTED,2024-07-05T08:15:55.832Z,2024-07-08T21:16:00.644Z,2024-07-08T21:16:00.644Z,6,4,3,"[{""monthly_active_addresses"":15},{""openrank_trusted_users_count"":15},{""gas_fees"":15},{""trusted_monthly_active_users"":20},{""trusted_transaction_count"":20},{""trusted_transaction_share"":15}]",0xf044c1bc6e926e852a0187eeef9ca597cfcbfb359ad9887388a11aa762766e867c7925499fd9587d98505439872b56f3034b9d76643875cc6c0bf389b68ecc7f1b,"{""allocations"":[{""monthly_active_addresses"":15},{""openrank_trusted_users_count"":15},{""gas_fees"":15},{""trusted_monthly_active_users"":20},{""trusted_transaction_count"":20},{""trusted_transaction_share"":15}],""os_only"":false,""os_multiplier"":3}"
0x842bb1bb84cc8a3d6277b0ff9729d22d55e9c50b,true,SUBMITTED,2024-07-11T15:29:57.115Z,2024-07-11T15:34:32.512Z,2024-07-11T15:34:32.512Z,9,0,3,"[{""trusted_transaction_count"":15},{""trusted_users_onboarded"":15},{""power_user_addresses"":10},{""trusted_daily_active_users"":6},{""gas_fees"":20},{""monthly_active_addresses"":8},{""daily_active_addresses"":8},{""trusted_monthly_active_users"":8},{""openrank_trusted_users_count"":10}]",0x53af61fda5638d770f9b63ff9e01bbb7d9e6a86b83ea1bac4f3dd0adefeeda6b27a84d8a6eabe5f29ca48e3de4bb271b7aa0689a66d8517b9dbd670e0f19e90b1c,"{""allocations"":[{""trusted_transaction_count"":15},{""trusted_users_onboarded"":15},{""power_user_addresses"":10},{""trusted_daily_active_users"":6},{""gas_fees"":20},{""monthly_active_addresses"":8},{""daily_active_addresses"":8},{""trusted_monthly_active_users"":8},{""openrank_trusted_users_count"":10}],""os_only"":false,""os_multiplier"":3}"
0x839395e20bbb182fa440d08f850e6c7a8f6f0780,true,SUBMITTED,2024-06-27T21:02:46.747Z,2024-07-11T09:50:54.422Z,2024-07-11T09:50:54.422Z,8,15,3,"[{""log_transaction_count"":13.84},{""openrank_trusted_users_count"":14.05},{""log_gas_fees"":13.96},{""log_trusted_transaction_count"":14.26},{""trusted_transaction_share"":13.89},{""trusted_recurring_users"":10},{""trusted_daily_active_users"":10},{""trusted_monthly_active_users"":10}]",0xab4c1da7a70a026fcac50275a004d5731ffab7427e86ed4dd4b9a23898c929ab1ee88711eec91470531950be2cb1a7973e79b720d59c7fec28704708fbd774991c,"{""allocations"":[{""log_transaction_count"":13.84},{""openrank_trusted_users_count"":14.05},{""log_gas_fees"":13.96},{""log_trusted_transaction_count"":14.26},{""trusted_transaction_share"":13.89},{""trusted_recurring_users"":10},{""trusted_daily_active_users"":10},{""trusted_monthly_active_users"":10}],""os_only"":false,""os_multiplier"":3}"
0x98ab20307fdaba1ce8b16d69d22461c6dbe85459,true,SUBMITTED,2024-07-11T18:17:37.036Z,2024-07-11T18:19:19.337Z,2024-07-11T18:19:19.337Z,2,0,3,"[{""log_gas_fees"":50},{""gas_fees"":50}]",0x272ae1c58ace4efcd064a5460e8e7a31f1e946209177a117c4aa079a36ea4dc23ca8dbf118c1151460ecc30772ab422f5e4f7d3ccd81c209819cb22aa4e29a851b,"{""allocations"":[{""log_gas_fees"":50},{""gas_fees"":50}],""os_only"":false,""os_multiplier"":3}"
0x64fed9e56b548343e7bb47c49ecd7ffa9f1a34fe,true,SUBMITTED,2024-07-01T18:39:33.726Z,2024-07-11T15:40:29.691Z,2024-07-11T15:40:29.691Z,3,2,1,"[{""transaction_count"":25},{""gas_fees"":50},{""recurring_addresses"":25}]",0xa16e40018a64c84a47aabf88e117562c4e1be4c3eab83a8d2945ea8f48c3f943321fa0a3a87b30909f7da754abcc8977dd9049f4a07ccc4414936ba028a138e81b,"{""allocations"":[{""transaction_count"":25},{""gas_fees"":50},{""recurring_addresses"":25}],""os_only"":false,""os_multiplier"":1}"
0x28f569cc6c29d804a1720edc16bf1ebab2ea35b4,true,SUBMITTED,2024-07-03T19:21:32.921Z,2024-07-05T12:09:01.497Z,2024-07-05T12:09:01.497Z,5,15,3,"[{""trusted_users_onboarded"":20.00599940005999},{""trusted_recurring_users"":19.99800019998},{""log_trusted_transaction_count"":19.99800019998},{""trusted_monthly_active_users"":19.99800019998},{""trusted_transaction_share"":20}]",0x4e246655f03206f6469a1105fcc26516176248a2b681598ace91358313cfbe8033205994c2df813d3f385c5a8caeef87b5d2b712e013e29aeb6ede79b8fd875e1c,"{""allocations"":[{""trusted_users_onboarded"":20.00599940005999},{""trusted_recurring_users"":19.99800019998},{""log_trusted_transaction_count"":19.99800019998},{""trusted_monthly_active_users"":19.99800019998},{""trusted_transaction_share"":20}],""os_only"":false,""os_multiplier"":3}"
0x73186b2a81952c2340c4eb2e74e89869e1183df0,true,SUBMITTED,2024-07-06T22:05:34.674Z,2024-07-07T22:36:18.237Z,2024-07-07T22:36:18.237Z,7,16,3,"[{""daily_active_addresses"":17},{""monthly_active_addresses"":10},{""recurring_addresses"":10},{""log_gas_fees"":14.3925},{""openrank_trusted_users_count"":15.75},{""transaction_count"":14.5875},{""log_transaction_count"":18.27}]",0x3bd7f575894c145501e306d31fbaecc99d21fd153c923d5ecdfdfac5be2fc17d75a1f0058d456468a7f560cdeaf07ed9b58b188b6a458263f653db1dab0a777d1c,"{""allocations"":[{""daily_active_addresses"":17},{""monthly_active_addresses"":10},{""recurring_addresses"":10},{""log_gas_fees"":14.3925},{""openrank_trusted_users_count"":15.75},{""transaction_count"":14.5875},{""log_transaction_count"":18.27}],""os_only"":false,""os_multiplier"":3}"
0x396a34c10b11e33a4bf6f3e6a419a23c54ad34fb,true,SUBMITTED,2024-07-01T15:51:27.043Z,2024-07-09T17:04:33.094Z,2024-07-09T17:04:33.094Z,5,15,2,"[{""log_gas_fees"":25},{""log_transaction_count"":25},{""daily_active_addresses"":16.59204871060172},{""monthly_active_addresses"":16.31446991404011},{""recurring_addresses"":17.09348137535817}]",0x02f8a0182d8ee38cacf83146afed4882bbf417fa1f84c861b6eb0a95349c6d09222356bfe9d1eeb715afd285662e63021b3655aa41fb5be2abe53beefcb652fe1c,"{""allocations"":[{""log_gas_fees"":25},{""log_transaction_count"":25},{""daily_active_addresses"":16.59204871060172},{""monthly_active_addresses"":16.31446991404011},{""recurring_addresses"":17.09348137535817}],""os_only"":false,""os_multiplier"":2}"
0x00de4b13153673bcae2616b67bf822500d325fc3,true,SUBMITTED,2024-07-05T15:20:36.608Z,2024-07-11T14:33:13.212Z,2024-07-11T14:33:13.212Z,4,0,1.9,"[{""daily_active_addresses"":31},{""openrank_trusted_users_count"":30},{""transaction_count"":19.5},{""trusted_users_onboarded"":19.5}]",0xa125851767e9b586c742a33a17e97323f5e8b2fb048b0027dcc4b39f74ac2b143c17962af22b412e68d9dd8a6d49650104d46b1098cee31889497dd721e69a671b,"{""allocations"":[{""daily_active_addresses"":31},{""openrank_trusted_users_count"":30},{""transaction_count"":19.5},{""trusted_users_onboarded"":19.5}],""os_only"":false,""os_multiplier"":1.9}"
0xb0623c91c65621df716ab8afe5f66656b21a9108,true,SUBMITTED,2024-07-03T18:20:25.329Z,2024-07-08T01:33:23.453Z,2024-07-08T01:33:23.453Z,6,0,1.7,"[{""openrank_trusted_users_count"":20},{""trusted_daily_active_users"":10},{""trusted_users_onboarded"":30},{""trusted_recurring_users"":10},{""trusted_monthly_active_users"":10},{""trusted_transaction_count"":20}]",0xbbe5554708fcf02e06dcc9b6648aebdbb67b7c13c1355dddf7a4260a52fa9b2607e52792004c8e6145524cdfacb2f3264c85ee1468092e0c0e0c3292f894ee911c,"{""allocations"":[{""openrank_trusted_users_count"":20},{""trusted_daily_active_users"":10},{""trusted_users_onboarded"":30},{""trusted_recurring_users"":10},{""trusted_monthly_active_users"":10},{""trusted_transaction_count"":20}],""os_only"":false,""os_multiplier"":3}"
0x3db5b38ef4b433d9c6a664bd35551be73313189a,true,SUBMITTED,2024-06-30T13:44:50.319Z,2024-07-08T23:11:38.820Z,2024-07-08T23:11:38.820Z,5,12,1,"[{""monthly_active_addresses"":15.76451612903226},{""power_user_addresses"":16},{""trusted_users_onboarded"":22},{""gas_fees"":32},{""recurring_addresses"":14.23548387096774}]",0x5e16d85eaecff9b9a6abb33fbabb3b6f847fe0aa787332e46ceced8dc3fc6309510f2f865c2228c7b68926adfba431d0b6c9a25502acc200fc694cff4ef75d2b1c,"{""allocations"":[{""monthly_active_addresses"":15.76451612903226},{""power_user_addresses"":16},{""trusted_users_onboarded"":22},{""gas_fees"":32},{""recurring_addresses"":14.23548387096774}],""os_only"":false,""os_multiplier"":1}"
0x00409fc839a2ec2e6d12305423d37cd011279c09,true,SUBMITTED,2024-07-03T07:22:54.744Z,2024-07-10T15:25:46.307Z,2024-07-10T15:25:46.307Z,7,16,2,"[{""trusted_transaction_share"":9.943257676902537},{""monthly_active_addresses"":9.993324432576769},{""log_gas_fees"":30},{""trusted_monthly_active_users"":10.06341789052069},{""trusted_users_onboarded"":20},{""transaction_count"":10},{""trusted_recurring_users"":10}]",0x33051f75f0fe2bfa0308fcc9f72b91d851d10145db3f1f597dee4cff016044113cbd2d73be5a07d7b39b24cd05ce20439384945b4e6d61559eab7996d341cddf1b,"{""allocations"":[{""trusted_transaction_share"":9.943257676902537},{""monthly_active_addresses"":9.993324432576769},{""log_gas_fees"":30},{""trusted_monthly_active_users"":10.06341789052069},{""trusted_users_onboarded"":20},{""transaction_count"":10},{""trusted_recurring_users"":10}],""os_only"":false,""os_multiplier"":2}"
0x5a5d9ab7b1bd978f80909503ebb828879daca9c3,true,SUBMITTED,2024-06-29T15:41:06.035Z,2024-07-08T09:17:42.638Z,2024-07-08T09:17:42.638Z,4,16,1.5,"[{""monthly_active_addresses"":30},{""openrank_trusted_users_count"":20},{""gas_fees"":30},{""trusted_transaction_share"":20}]",0xed75d1e2aa489326172bc1192297f7bada0714021c6f5b42547f5b49718c0d8a11e6c05003b1e41c9f8ecb2d904250f29d42bd64c30b856b293fd2ea8fbe8ee61b,"{""allocations"":[{""monthly_active_addresses"":30},{""openrank_trusted_users_count"":20.94634146341463},{""gas_fees"":30},{""trusted_transaction_share"":19.05365853658537}],""os_only"":false,""os_multiplier"":1.5}"
0xdc0a92c350a52b6583e235a57901b8731af8b249,true,SUBMITTED,2024-07-11T18:01:36.501Z,2024-07-11T18:10:40.469Z,2024-07-11T18:10:40.469Z,5,1,2,"[{""log_gas_fees"":38},{""trusted_monthly_active_users"":22},{""trusted_daily_active_users"":10},{""trusted_recurring_users"":20},{""trusted_users_onboarded"":10}]",0x88186f5d1d84dd147158740236c973efeba0ba2e4159716ea5822663c6c27cf107d9f16a604fa050b1e375d4c649100b2658cd63704256af680e079ded8570381c,"{""allocations"":[{""log_gas_fees"":38},{""trusted_monthly_active_users"":22},{""trusted_daily_active_users"":10},{""trusted_recurring_users"":20},{""trusted_users_onboarded"":10}],""os_only"":false,""os_multiplier"":2}"
0x9c949881084dcbd97237f786710ab8e52a457136,true,SUBMITTED,2024-07-09T22:32:41.250Z,2024-07-09T22:54:45.169Z,2024-07-09T22:54:45.169Z,8,10,3,"[{""openrank_trusted_users_count"":5},{""trusted_daily_active_users"":15},{""trusted_recurring_users"":15},{""recurring_addresses"":5},{""log_gas_fees"":25},{""trusted_users_onboarded"":25},{""trusted_transaction_count"":5},{""daily_active_addresses"":5}]",0xf5324798ee080436c94b9984b7e3889c3da1f05c1f7361e83a9ec716f290b6bb72c3b1471a87ffa37c59f198962917f2d32f79ed685d52e86dd80a495f1e22001c,"{""allocations"":[{""openrank_trusted_users_count"":5},{""trusted_daily_active_users"":15},{""trusted_recurring_users"":15},{""recurring_addresses"":5},{""log_gas_fees"":25},{""trusted_users_onboarded"":25},{""trusted_transaction_count"":5},{""daily_active_addresses"":5}],""os_only"":false,""os_multiplier"":3}"
0xbf430a49c4d85aeed3908619d5387a1fbf8e74a9,true,SUBMITTED,2024-07-09T22:16:04.221Z,2024-07-10T01:20:36.309Z,2024-07-10T01:20:36.309Z,7,16,2,"[{""trusted_transaction_count"":5},{""gas_fees"":35},{""transaction_count"":10},{""trusted_recurring_users"":20},{""trusted_users_onboarded"":15},{""monthly_active_addresses"":10},{""trusted_monthly_active_users"":5}]",0x65b36cc9badbf923503ec2761e5cc5f4536bcd5979b7ed9fc382240248247e9056c1b2ff68041ece4935d6b204a12d8ee5fe73b5f2db31b9b8f7f6a03e4f1b491b,"{""allocations"":[{""trusted_transaction_count"":5},{""gas_fees"":35},{""transaction_count"":10},{""trusted_recurring_users"":20},{""trusted_users_onboarded"":15},{""monthly_active_addresses"":10},{""trusted_monthly_active_users"":5}],""os_only"":false,""os_multiplier"":2}"
0xc2e2b715d9e302947ec7e312fd2384b5a1296099,true,SUBMITTED,2024-07-01T15:46:04.289Z,2024-07-06T10:04:48.365Z,2024-07-06T10:04:48.365Z,5,1,3,"[{""trusted_transaction_share"":25},{""trusted_users_onboarded"":10},{""power_user_addresses"":15},{""log_gas_fees"":25},{""openrank_trusted_users_count"":25}]",0x9bc93e8a7ba6c1c7b19c5273c25b03d9a73b51ad6df06ed51a499b7d60b2da362c2b9e97f3dae9d8c71653913aafd3199f2d9007650aa498ff0aa5484810178e1c,"{""allocations"":[{""trusted_transaction_share"":25},{""trusted_users_onboarded"":10},{""power_user_addresses"":15},{""log_gas_fees"":25},{""openrank_trusted_users_count"":25}],""os_only"":false,""os_multiplier"":3}"
0x665d84fffddd72d24df555e6b065b833478dffca,true,SUBMITTED,2024-07-07T16:04:27.237Z,2024-07-07T16:36:28.083Z,2024-07-07T16:36:28.083Z,7,16,1.6,"[{""trusted_transaction_share"":25},{""log_gas_fees"":10},{""log_transaction_count"":15},{""power_user_addresses"":5},{""recurring_addresses"":25},{""trusted_users_onboarded"":10},{""log_trusted_transaction_count"":10}]",0x8cf7e05e3510ec1d8462c4addbed537eab4df1fdfed673f5b86dc0cb78547db228f2b657e3d271b789d31bf47d43dc4bdd4e65acae0c15476717497d4ad2c1821b,"{""allocations"":[{""trusted_transaction_share"":25},{""log_gas_fees"":10},{""log_transaction_count"":15},{""power_user_addresses"":5},{""recurring_addresses"":25},{""trusted_users_onboarded"":10},{""log_trusted_transaction_count"":10}],""os_only"":false,""os_multiplier"":1.6}"
0x14276eb29e90541831cb94c80331484ae6d2a1d8,true,SUBMITTED,2024-07-11T06:03:16.909Z,2024-07-11T07:39:51.577Z,2024-07-11T07:39:51.577Z,5,15,2,"[{""gas_fees"":40},{""trusted_monthly_active_users"":17.5},{""trusted_recurring_users"":12.5},{""trusted_users_onboarded"":12.5},{""trusted_daily_active_users"":17.5}]",0x84457f06664cf01b98e2d75114c7a175bc7709837ed56f4631c370975c4c92ac110b3fec43867583e4fabbe1b137176264b732317df25d9b3e5d835a5bb015dd1b,"{""allocations"":[{""gas_fees"":40},{""trusted_monthly_active_users"":17.5},{""trusted_recurring_users"":12.5},{""trusted_users_onboarded"":12.5},{""trusted_daily_active_users"":17.5}],""os_only"":false,""os_multiplier"":2}"
0x91031dcfdea024b4d51e775486111d2b2a715871,true,SUBMITTED,2024-07-08T20:47:37.164Z,2024-07-08T20:54:04.532Z,2024-07-08T20:54:04.532Z,2,12,3,"[{""openrank_trusted_users_count"":75},{""trusted_users_onboarded"":25}]",0x37df8cda398334f4155a31cc6c9a66fcf937eb8713da0ebe8760311f88e0f55906b9d7265473a1297045d29227faa8dd9cc11f3b66133ef7aff53acc82aca1921c,"{""allocations"":[{""openrank_trusted_users_count"":75},{""trusted_users_onboarded"":25}],""os_only"":false,""os_multiplier"":3}"
0xde2b6860cb3212a6a1f8f8628abfe076723a4b39,true,SUBMITTED,2024-07-04T10:03:32.661Z,2024-07-09T12:08:21.613Z,2024-07-09T12:08:21.613Z,6,10,3,"[{""log_transaction_count"":22},{""recurring_addresses"":20},{""log_gas_fees"":23},{""daily_active_addresses"":5},{""monthly_active_addresses"":20},{""trusted_users_onboarded"":10}]",0x68da24f8884c7a7608ab59f5c01a1f942f03b0f30003b98c39c6abae7a611e1f5af683a1f9a165921a72437444ee50e2226ad732a925cfe85cf0f01ad8d884141b,"{""allocations"":[{""log_transaction_count"":22},{""recurring_addresses"":20},{""log_gas_fees"":23},{""daily_active_addresses"":5},{""monthly_active_addresses"":20},{""trusted_users_onboarded"":10}],""os_only"":false,""os_multiplier"":3}"
0x15c6ac4cf1b5e49c44332fb0a1043ccab19db80a,true,SUBMITTED,2024-06-27T18:50:59.902Z,2024-07-11T12:43:52.858Z,2024-07-11T12:43:52.858Z,7,4,2.5,"[{""trusted_transaction_share"":5},{""monthly_active_addresses"":5},{""trusted_monthly_active_users"":5},{""trusted_users_onboarded"":7.5},{""transaction_count"":18},{""log_transaction_count"":18},{""log_gas_fees"":41.5}]",0x8b7aae9b3c0ab6c321a1fcf03ddcb54fb52825ba2fda5ded33c83caca55ed22a02079e96747a660b58b1b219bebc95a260fda0b48136bbcd360f5dfd81571c1e1b,"{""allocations"":[{""trusted_transaction_share"":5},{""monthly_active_addresses"":5},{""trusted_monthly_active_users"":5},{""trusted_users_onboarded"":7.5},{""transaction_count"":18},{""log_transaction_count"":18},{""log_gas_fees"":41.5}],""os_only"":false,""os_multiplier"":2.5}"
0x8eb9e5e5375b72ee7c5cb786ce8564d854c26a86,true,SUBMITTED,2024-07-04T16:34:09.838Z,2024-07-08T05:04:35.598Z,2024-07-08T05:04:35.598Z,5,15,1.5,"[{""log_transaction_count"":30},{""monthly_active_addresses"":30},{""recurring_addresses"":20},{""trusted_monthly_active_users"":5},{""trusted_users_onboarded"":15}]",0x1e503632de7bb570f852d4be74036c51d76152766d9066bb9288ad850059c18e2cb3fbf76fff8af48ecafa4e3cba9b8d1e45d9938020df7129f53036d735ad981c,"{""allocations"":[{""log_transaction_count"":30},{""monthly_active_addresses"":30},{""recurring_addresses"":20},{""trusted_monthly_active_users"":5},{""trusted_users_onboarded"":15}],""os_only"":false,""os_multiplier"":1.5}"
0x1de2a056508e0d0dd88a88f1f5cdf9cfa510795c,true,SUBMITTED,2024-07-01T16:33:39.273Z,2024-07-11T08:37:44.409Z,2024-07-11T08:37:44.409Z,6,16,3,"[{""trusted_monthly_active_users"":20},{""trusted_transaction_share"":15},{""gas_fees"":20},{""trusted_users_onboarded"":10},{""log_trusted_transaction_count"":20},{""trusted_recurring_users"":15}]",0x8c930311d262c4005de818fd8ce5965e1e08bb2c8fb0b86c9e637537266a30b508ee3e8b097782e22ba4a97fbd2867671ec33c2f7ccf0bde794c034d2011eda41c,"{""allocations"":[{""trusted_monthly_active_users"":20},{""trusted_transaction_share"":15},{""gas_fees"":20},{""trusted_users_onboarded"":10},{""log_trusted_transaction_count"":20},{""trusted_recurring_users"":15}],""os_only"":false,""os_multiplier"":3}"
0x894aa5f1e45454677a8560dde3b45cb5c427ef92,true,SUBMITTED,2024-07-11T04:49:25.363Z,2024-07-11T17:27:14.524Z,2024-07-11T17:27:14.524Z,5,5,1.5,"[{""trusted_recurring_users"":4.841666666666667},{""trusted_users_onboarded"":5.158333333333333},{""transaction_count"":20},{""monthly_active_addresses"":20},{""gas_fees"":50}]",0x29499480fe2317bf22f4a2d731a4f0269f02a0ba6e5d37fc80cbe206dca665e6781bcd98f0430db5f7d8a3d1c74869fcffe92a75c1d9c1c043348f18818ce8af1b,"{""allocations"":[{""trusted_recurring_users"":4.841666666666667},{""trusted_users_onboarded"":5.158333333333333},{""transaction_count"":20},{""monthly_active_addresses"":20},{""gas_fees"":50}],""os_only"":false,""os_multiplier"":1.5}"
0xa142ab9eab9264807a41f0e5cbdab877d204e233,true,SUBMITTED,2024-07-04T00:00:21.162Z,2024-07-11T13:28:17.567Z,2024-07-11T13:28:17.567Z,3,3,1,"[{""gas_fees"":70},{""monthly_active_addresses"":10},{""transaction_count"":20}]",0xca2344a33ddef894f203f4ae1a4563a7fca83b161353eae403a536aedf8df8240a451c4dcb43dd7b22498552aa2b3e9c36a47a5ae7c2f9353622065fc0ff1b1e1c,"{""allocations"":[{""gas_fees"":70},{""monthly_active_addresses"":10},{""transaction_count"":20}],""os_only"":false,""os_multiplier"":1}"
0xf503017d7baf7fbc0fff7492b751025c6a78179b,true,SUBMITTED,2024-07-11T16:51:47.885Z,2024-07-11T16:55:46.837Z,2024-07-11T16:55:46.837Z,16,0,3,"[{""transaction_count"":5.954315863172636},{""monthly_active_addresses"":6.25},{""recurring_addresses"":5.954315863172636},{""power_user_addresses"":6.254375875175037},{""trusted_transaction_share"":5.954315863172636},{""openrank_trusted_users_count"":6.254375875175037},{""trusted_monthly_active_users"":6.244998999799961},{""log_transaction_count"":6.244998999799961},{""trusted_users_onboarded"":7.454615923184639},{""gas_fees"":6.244998999799961},{""daily_active_addresses"":6.254375875175037},{""trusted_recurring_users"":5.954315863172636},{""trusted_transaction_count"":6.244998999799961},{""log_trusted_transaction_count"":6.244998999799961},{""log_gas_fees"":6.244998999799961},{""trusted_daily_active_users"":6.244998999799961}]",0xc74e3f63b2ca073b1d7685cad6cf07cf3b0e93ec41b232182ecde12846728b3a67ef26f803b69550e69245a8e57db4e46edaa2f729e37052709b62d42d8d4ece1c,"{""allocations"":[{""transaction_count"":5.954315863172636},{""monthly_active_addresses"":6.25},{""recurring_addresses"":5.954315863172636},{""power_user_addresses"":6.254375875175037},{""trusted_transaction_share"":5.954315863172636},{""openrank_trusted_users_count"":6.254375875175037},{""trusted_monthly_active_users"":6.244998999799961},{""log_transaction_count"":6.244998999799961},{""trusted_users_onboarded"":7.454615923184639},{""gas_fees"":6.244998999799961},{""daily_active_addresses"":6.254375875175037},{""trusted_recurring_users"":5.954315863172636},{""trusted_transaction_count"":6.244998999799961},{""log_trusted_transaction_count"":6.244998999799961},{""log_gas_fees"":6.244998999799961},{""trusted_daily_active_users"":6.244998999799961}],""os_only"":false,""os_multiplier"":3}"
0x849151d7d0bf1f34b70d5cad5149d28cc2308bf1,true,SUBMITTED,2024-07-06T00:24:47.033Z,2024-07-09T22:59:00.708Z,2024-07-09T22:59:00.708Z,5,0,1.5,"[{""trusted_daily_active_users"":10},{""trusted_monthly_active_users"":35},{""trusted_users_onboarded"":10},{""trusted_recurring_users"":10},{""gas_fees"":35}]",0x3e817840172982b0483d6efb0c2a622191d3a470b3b6fbe7d804448e8cad19180d2404b38fd79239c3d9608ae1ea8270025dcac63960a3a8d955256b4db2eb221b,"{""allocations"":[{""trusted_daily_active_users"":10},{""trusted_monthly_active_users"":35},{""trusted_users_onboarded"":10},{""trusted_recurring_users"":10},{""gas_fees"":35}],""os_only"":false,""os_multiplier"":1.5}"
0xdd7a79b1b6e8dd444f99d68a7d493a85556944a2,true,SUBMITTED,2024-07-11T18:06:35.000Z,2024-07-11T18:19:49.162Z,2024-07-11T18:19:49.162Z,3,7,3,"[{""log_gas_fees"":50},{""power_user_addresses"":25},{""monthly_active_addresses"":25}]",0x12357c3bec187098a662723a4def004d6ba6b4fd03e54351efaa34236380974677e4aa15b15742ed6a6b948411039bd6c0afd45e14883a12c9f00824350b34131b,"{""allocations"":[{""log_gas_fees"":50},{""power_user_addresses"":25},{""monthly_active_addresses"":25}],""os_only"":false,""os_multiplier"":3}"
0x801707059a55d748b23b02043c71b7a3d976f071,true,SUBMITTED,2024-07-10T08:26:07.861Z,2024-07-10T13:04:04.332Z,2024-07-10T13:04:04.332Z,5,0,1.5,"[{""trusted_monthly_active_users"":25},{""log_transaction_count"":25},{""openrank_trusted_users_count"":10},{""log_gas_fees"":30},{""trusted_users_onboarded"":10}]",0x5a65f16f8006fd4a923de1629ad37e5f8656de3578056b8f59c98620224d4f184bb5c3c789af719585f1d1ccf15a0b8e4b8711788cbce7ac6d4594a68ec863181c,"{""allocations"":[{""trusted_monthly_active_users"":25},{""log_transaction_count"":25},{""openrank_trusted_users_count"":10},{""log_gas_fees"":30},{""trusted_users_onboarded"":10}],""os_only"":false,""os_multiplier"":1.5}"
0x75536cf4f01c2bfa528f5c74ddc1232db3af3ee5,true,SUBMITTED,2024-07-07T16:51:29.777Z,2024-07-07T16:54:27.081Z,2024-07-07T16:54:27.081Z,4,5,1,"[{""trusted_users_onboarded"":25},{""transaction_count"":25},{""log_gas_fees"":25},{""gas_fees"":25}]",0xab0706070a4362dda514e86de04d23216b0caa336b97fba1310277db820ce77d711084f6a174961ce0a1b232cce80b20d524fd2f8162fe866a4fa03b5fad6c341c,"{""allocations"":[{""trusted_users_onboarded"":25},{""transaction_count"":25},{""log_gas_fees"":25},{""gas_fees"":25}],""os_only"":false,""os_multiplier"":1}"
0x429f9ada43e9f345cbb85ec88681bb70df808892,true,SUBMITTED,2024-07-06T12:51:19.646Z,2024-07-06T12:54:09.898Z,2024-07-06T12:54:09.898Z,5,0,3,"[{""trusted_users_onboarded"":34},{""trusted_transaction_count"":32},{""trusted_monthly_active_users"":13},{""log_gas_fees"":9.5},{""trusted_transaction_share"":11.5}]",0xb43de198be53f827b35b47fb4ba0ef32d02353e95ab4ad1f5af33a74b185f03c43e3f8d130b8d8f979e86c3fd012d1421503e3f721c6d1857ede3ffbd86bdca81b,"{""allocations"":[{""trusted_users_onboarded"":34},{""trusted_transaction_count"":32},{""trusted_monthly_active_users"":13},{""log_gas_fees"":9.5},{""trusted_transaction_share"":11.5}],""os_only"":false,""os_multiplier"":3}"
0x5554672e67ba866b9861701d0e0494ab324ad19a,true,SUBMITTED,2024-07-10T11:03:44.904Z,2024-07-10T11:12:03.299Z,2024-07-10T11:12:03.299Z,4,4,3,"[{""openrank_trusted_users_count"":15},{""trusted_recurring_users"":25},{""log_gas_fees"":35},{""trusted_monthly_active_users"":25}]",0xf8fc8eefdf1c4b40d609bfc5043d78a638c6ce36242e380c79b0cb2d26e0b477798e33c6d419ffa538d3c0e1777d07fe9342615ba42618c144063e15d023d25e1c,"{""allocations"":[{""openrank_trusted_users_count"":15},{""trusted_recurring_users"":25},{""log_gas_fees"":35},{""trusted_monthly_active_users"":25}],""os_only"":false,""os_multiplier"":3}"
0x66810420d110919a0e8b550fde3fe24d50ef0e26,true,SUBMITTED,2024-07-04T10:26:48.877Z,2024-07-11T17:42:19.928Z,2024-07-11T17:42:19.928Z,11,14,2,"[{""monthly_active_addresses"":6.603040248747623},{""trusted_transaction_share"":6.831058904819484},{""trusted_recurring_users"":6.831058904819484},{""trusted_users_onboarded"":15},{""log_gas_fees"":6.831058904819484},{""trusted_transaction_count"":6.878562791501122},{""trusted_monthly_active_users"":20},{""gas_fees"":10},{""transaction_count"":6.840559682155812},{""recurring_addresses"":6.840559682155812},{""log_trusted_transaction_count"":7.344100880981169}]",0x9b30fad6281d1b70ddb3e8d7bba9d48d977121bf0031c6620bedd84566af8a312bf7813fda4f01a636fbb7634974bbe7a249a92dd8c64d1bf03dc487bebcb5621c,"{""allocations"":[{""monthly_active_addresses"":6.603040248747623},{""trusted_transaction_share"":6.831058904819484},{""trusted_recurring_users"":6.831058904819484},{""trusted_users_onboarded"":15},{""log_gas_fees"":6.831058904819484},{""trusted_transaction_count"":6.878562791501122},{""trusted_monthly_active_users"":20},{""gas_fees"":10},{""transaction_count"":6.840559682155812},{""recurring_addresses"":6.840559682155812},{""log_trusted_transaction_count"":7.344100880981169}],""os_only"":false,""os_multiplier"":2}"
0x92bf20563e747b2f8711549be17a9d7b876c4053,true,SUBMITTED,2024-07-09T13:14:25.989Z,2024-07-09T13:21:12.436Z,2024-07-09T13:21:12.436Z,5,0,1,"[{""transaction_count"":25},{""gas_fees"":50},{""daily_active_addresses"":10},{""recurring_addresses"":5},{""monthly_active_addresses"":10}]",0x24f6ec04ddfa6e55473490c3e79af82492d4832ea916b2af252f9a044c12c04f4fb4d858655b149854417c8ca22debd29252d24aeb9dddfa95e466a679e019ab1b,"{""allocations"":[{""transaction_count"":25},{""gas_fees"":50},{""daily_active_addresses"":10},{""recurring_addresses"":5},{""monthly_active_addresses"":10}],""os_only"":false,""os_multiplier"":1}"
0xaeb99a255c3a243ab3e4f654041e9bf5340cf313,true,SUBMITTED,2024-07-11T13:21:23.077Z,2024-07-11T13:38:08.853Z,2024-07-11T13:38:08.853Z,9,14,2.3,"[{""trusted_users_onboarded"":13},{""recurring_addresses"":10},{""trusted_daily_active_users"":10},{""trusted_transaction_share"":12.54166666666666},{""trusted_monthly_active_users"":10},{""trusted_transaction_count"":9},{""transaction_count"":13},{""gas_fees"":10},{""trusted_recurring_users"":12.45833333333333}]",0x54067d4ec859545f0d3093e4fa0a4978f849f0ad97ada460e4cfb426ef50b9565dcfa00114c0c9d3b0fba96893555baba731bc1bd371898b09439c9c9d5526141c,"{""allocations"":[{""trusted_users_onboarded"":13},{""recurring_addresses"":10},{""trusted_daily_active_users"":10},{""trusted_transaction_share"":12.54166666666666},{""trusted_monthly_active_users"":10},{""trusted_transaction_count"":9},{""transaction_count"":13},{""gas_fees"":10},{""trusted_recurring_users"":12.45833333333333}],""os_only"":false,""os_multiplier"":2.3}"
0x5872ce037211233b9f6f5095c25988021f270c21,true,SUBMITTED,2024-07-11T15:04:13.996Z,2024-07-11T15:07:39.206Z,2024-07-11T15:07:39.206Z,6,2,3,"[{""trusted_recurring_users"":18},{""trusted_users_onboarded"":18},{""power_user_addresses"":15.98276657947377},{""log_trusted_transaction_count"":15.98276657947377},{""trusted_daily_active_users"":15.98276657947377},{""trusted_monthly_active_users"":16.05170026157871}]",0x1c1de5bcf707304756d2446d26f44a3123e079a976f0a7c7daa95208855331760fe5d1c92e990bc7e5fc75b6b3f8880c85784193e8bc49519375445d5a1edbe41b,"{""allocations"":[{""trusted_recurring_users"":18},{""trusted_users_onboarded"":18},{""power_user_addresses"":15.98276657947377},{""log_trusted_transaction_count"":15.98276657947377},{""trusted_daily_active_users"":15.98276657947377},{""trusted_monthly_active_users"":16.05170026157871}],""os_only"":false,""os_multiplier"":3}"
0xdca1bb1fc782ea3fa76ea4ada42af10c85766b6a,true,SUBMITTED,2024-07-11T18:33:18.378Z,2024-07-11T18:44:56.246Z,2024-07-11T18:44:56.246Z,5,16,3,"[{""trusted_users_onboarded"":25},{""gas_fees"":25},{""recurring_addresses"":15},{""trusted_recurring_users"":25},{""log_gas_fees"":10}]",0x916488553047e87a59d04e6d8a34a7153a1add0504c79c41e66feb05beb156be1a1adfcfa13d75e2b15e4759d97d3855e5118e43c1f17f876e00580ab619a42d1b,"{""allocations"":[{""trusted_users_onboarded"":25},{""gas_fees"":25},{""recurring_addresses"":15},{""trusted_recurring_users"":25},{""log_gas_fees"":10}],""os_only"":false,""os_multiplier"":3}"
0x1c9a6c17ba87451520cc4aa4ca63db07dc180242,true,SUBMITTED,2024-07-11T15:04:05.064Z,2024-07-11T15:15:00.514Z,2024-07-11T15:15:00.514Z,4,7,1,"[{""trusted_users_onboarded"":25.002499750025},{""log_gas_fees"":25.002499750025},{""trusted_monthly_active_users"":24.99500049995},{""power_user_addresses"":25}]",0x60ae435368023e99367faf0954dbbc81d619a0e7701c96f82139dcf110cddfdc03a23cb9e2f9b51c57fe4d7d1da2966f02b777c2fc40f0c41df694ca848af82d1b,"{""allocations"":[{""trusted_users_onboarded"":25.002499750025},{""log_gas_fees"":25.002499750025},{""trusted_monthly_active_users"":24.99500049995},{""power_user_addresses"":25}],""os_only"":false,""os_multiplier"":1}"
0x07bf3cda34aa78d92949bbdce31520714ab5b228,true,SUBMITTED,2024-07-03T12:30:23.531Z,2024-07-10T08:09:08.379Z,2024-07-10T08:09:08.379Z,16,6,3,"[{""trusted_recurring_users"":7},{""power_user_addresses"":6},{""daily_active_addresses"":6},{""trusted_daily_active_users"":7},{""recurring_addresses"":5},{""monthly_active_addresses"":6},{""log_gas_fees"":5},{""transaction_count"":7},{""trusted_monthly_active_users"":7},{""log_transaction_count"":7},{""trusted_transaction_share"":7},{""trusted_transaction_count"":7},{""gas_fees"":5},{""openrank_trusted_users_count"":7},{""log_trusted_transaction_count"":7},{""trusted_users_onboarded"":4}]",0x22e23a601ce79dc330d6a320a9af105daf9cc529057409d3ab4877c4ee2595410ea99d813d10bd70b855c7b62f2894879464b9b4b528f9fb84bb941bb6de04fa1b,"{""allocations"":[{""trusted_recurring_users"":7},{""power_user_addresses"":6},{""daily_active_addresses"":6},{""trusted_daily_active_users"":7},{""recurring_addresses"":5},{""monthly_active_addresses"":6},{""log_gas_fees"":5},{""transaction_count"":7},{""trusted_monthly_active_users"":7},{""log_transaction_count"":7},{""trusted_transaction_share"":7},{""trusted_transaction_count"":7},{""gas_fees"":5},{""openrank_trusted_users_count"":7},{""log_trusted_transaction_count"":7},{""trusted_users_onboarded"":4}],""os_only"":false,""os_multiplier"":3}"
0x94db037207f6fb697dbd33524aadffd108819dc8,true,SUBMITTED,2024-07-04T21:54:33.291Z,2024-07-11T17:02:19.193Z,2024-07-11T17:02:19.193Z,6,16,1,"[{""recurring_addresses"":7},{""trusted_users_onboarded"":3},{""gas_fees"":65},{""daily_active_addresses"":5},{""monthly_active_addresses"":5},{""transaction_count"":15}]",0x44ce634436d5f2120e486c59bfc72c47d99068aa0ab70d3733ba2799a0e36cae50b49599cc1e9ba56b8ba55371e150b8d8d8702b9b5be77c6ced4f74be52dbfe1b,"{""allocations"":[{""recurring_addresses"":7},{""trusted_users_onboarded"":3},{""gas_fees"":65},{""daily_active_addresses"":5},{""monthly_active_addresses"":5},{""transaction_count"":15}],""os_only"":false,""os_multiplier"":1}"
0xbc39fb41fe0229352774930c5aa3bf1635c2665f,true,SUBMITTED,2024-07-08T17:57:20.552Z,2024-07-08T18:19:49.334Z,2024-07-08T18:19:49.334Z,8,2,2,"[{""trusted_users_onboarded"":15},{""trusted_transaction_share"":5},{""trusted_monthly_active_users"":14},{""trusted_transaction_count"":14},{""log_gas_fees"":13},{""log_transaction_count"":17},{""trusted_recurring_users"":9},{""recurring_addresses"":13}]",0x3ed6e866b3d1d8314f43f4f5f5d81c6be47fc6165b64b9e3c29f042eb333c9c70f2709ab987516ac9922b33c9a79c84eb70932ea9e930d31fd0c9f2bc79829821b,"{""allocations"":[{""trusted_users_onboarded"":15},{""trusted_transaction_share"":5},{""trusted_monthly_active_users"":14},{""trusted_transaction_count"":14},{""log_gas_fees"":13},{""log_transaction_count"":17},{""trusted_recurring_users"":9},{""recurring_addresses"":13}],""os_only"":false,""os_multiplier"":2}"
0x34aa3f359a9d614239015126635ce7732c18fdf3,true,SUBMITTED,2024-06-27T18:50:20.176Z,2024-07-11T11:54:03.153Z,2024-07-11T11:54:03.153Z,16,0,3,"[{""recurring_addresses"":5.0210970464135},{""trusted_recurring_users"":4.847955768950966},{""trusted_daily_active_users"":4.542412338134729},{""power_user_addresses"":5},{""transaction_count"":5.010912265386293},{""log_transaction_count"":5.072020951549542},{""trusted_monthly_active_users"":5.072020951549542},{""monthly_active_addresses"":4.359086279644987},{""log_trusted_transaction_count"":5.072020951549542},{""trusted_transaction_share"":4.756292739706095},{""log_gas_fees"":5.072020951549542},{""openrank_trusted_users_count"":4.552597119161936},{""trusted_users_onboarded"":25},{""gas_fees"":5.072020951549542},{""daily_active_addresses"":6.467335952277025},{""trusted_transaction_count"":5.082205732576749}]",0xee29ba85d37d9bb619a6032498147f2d2e3cd275366aab3f4f213de0ec113a9532d76658ebcb53a1069945fffbcc0d85d58ff4fcdbfbed8a3917d6660e3260401c,"{""allocations"":[{""recurring_addresses"":5.0210970464135},{""trusted_recurring_users"":4.847955768950966},{""trusted_daily_active_users"":4.542412338134729},{""power_user_addresses"":5},{""transaction_count"":5.010912265386293},{""log_transaction_count"":5.072020951549542},{""trusted_monthly_active_users"":5.072020951549542},{""monthly_active_addresses"":4.359086279644987},{""log_trusted_transaction_count"":5.072020951549542},{""trusted_transaction_share"":4.756292739706095},{""log_gas_fees"":5.072020951549542},{""openrank_trusted_users_count"":4.552597119161936},{""trusted_users_onboarded"":25},{""gas_fees"":5.072020951549542},{""daily_active_addresses"":6.467335952277025},{""trusted_transaction_count"":5.082205732576749}],""os_only"":false,""os_multiplier"":3}"
0x0331969e189d63fbc31d771bb04ab44227d748d8,true,SUBMITTED,2024-07-07T07:00:19.924Z,2024-07-09T21:06:49.894Z,2024-07-09T21:06:49.894Z,16,16,3,"[{""trusted_daily_active_users"":0.9816360601001668},{""daily_active_addresses"":1.061769616026711},{""log_gas_fees"":25},{""gas_fees"":25},{""trusted_users_onboarded"":1},{""recurring_addresses"":1.001669449081803},{""power_user_addresses"":5},{""trusted_transaction_share"":8},{""trusted_recurring_users"":5},{""log_transaction_count"":8},{""transaction_count"":0.9816360601001668},{""trusted_transaction_count"":4},{""log_trusted_transaction_count"":8},{""openrank_trusted_users_count"":5},{""trusted_monthly_active_users"":0.9115191986644408},{""monthly_active_addresses"":1.061769616026711}]",0x45c11d17d93d3118c3d81fb07aa15226858c9d7dcfd2bd937457289fde9f68d26bfee284c5ec2df1ebe9d88fb66b6dafa2287cfc92bf995b2ff7969834f781fd1c,"{""allocations"":[{""trusted_daily_active_users"":0.9816360601001668},{""daily_active_addresses"":1.061769616026711},{""log_gas_fees"":25},{""gas_fees"":25},{""trusted_users_onboarded"":1},{""recurring_addresses"":1.001669449081803},{""power_user_addresses"":5},{""trusted_transaction_share"":8},{""trusted_recurring_users"":5},{""log_transaction_count"":8},{""transaction_count"":0.9816360601001668},{""trusted_transaction_count"":4},{""log_trusted_transaction_count"":8},{""openrank_trusted_users_count"":5},{""trusted_monthly_active_users"":0.9115191986644408},{""monthly_active_addresses"":1.061769616026711}],""os_only"":false,""os_multiplier"":3}"
0xcf79c7eaec5bdc1a9e32d099c5d6bdf67e4cf6e8,true,SUBMITTED,2024-06-27T18:56:25.571Z,2024-07-11T12:45:33.527Z,2024-07-11T12:45:33.527Z,5,13,2,"[{""gas_fees"":50},{""log_transaction_count"":10},{""trusted_recurring_users"":20},{""openrank_trusted_users_count"":10},{""trusted_monthly_active_users"":10}]",0x352d2728ac30bb44f486781284576b8023ddb7ada0ee1e60d46d99fa6f578f7a4c90f74554bffaf434b8dad74a8e084579e1fbd8d6e3878b594eeef337aa34301c,"{""allocations"":[{""gas_fees"":50},{""log_transaction_count"":10},{""trusted_recurring_users"":20},{""openrank_trusted_users_count"":10},{""trusted_monthly_active_users"":10}],""os_only"":false,""os_multiplier"":2}"
0x7f22646e85da79953ac09e9b45ee1b3be3a42abc,true,SUBMITTED,2024-07-11T15:55:57.270Z,2024-07-11T16:02:48.603Z,2024-07-11T16:02:48.603Z,7,4,2.5,"[{""openrank_trusted_users_count"":14.285},{""trusted_recurring_users"":14.28571428571429},{""daily_active_addresses"":14.285},{""trusted_monthly_active_users"":14.285},{""trusted_daily_active_users"":14.285},{""trusted_users_onboarded"":14.285},{""monthly_active_addresses"":14.285}]",0x4ac88519bbe8669aba87b9f300822bce5c429d1550ce896adeb186e370094fe20411dd8b716e4e724ca885870423b5739ef08d7bc048cb91692e4a4c870ad7351c,"{""allocations"":[{""openrank_trusted_users_count"":14.285},{""trusted_recurring_users"":14.28571428571429},{""daily_active_addresses"":14.285},{""trusted_monthly_active_users"":14.285},{""trusted_daily_active_users"":14.285},{""trusted_users_onboarded"":14.285},{""monthly_active_addresses"":14.285}],""os_only"":false,""os_multiplier"":2.5}"
0x69dc230b06a15796e3f42baf706e0e55d4d5eaa1,true,SUBMITTED,2024-07-11T12:02:15.501Z,2024-07-11T17:41:17.563Z,2024-07-11T17:41:17.563Z,5,16,1.3,"[{""openrank_trusted_users_count"":5},{""trusted_monthly_active_users"":25},{""gas_fees"":35},{""trusted_users_onboarded"":15},{""trusted_recurring_users"":20}]",0xc6726d18b4a53aa8487e48974be43c86b411095c121302e4ba2d4592b0cd21447f0a8c463fd5f902972cec24a9d63ad109ddc9f48430d832563bb72ad65649da1b,"{""allocations"":[{""openrank_trusted_users_count"":5},{""trusted_monthly_active_users"":25},{""gas_fees"":35},{""trusted_users_onboarded"":15},{""trusted_recurring_users"":20}],""os_only"":false,""os_multiplier"":1.3}"
0xebb03f5a580ff088bd4269f88a0cfe5eaf00d2b0,true,SUBMITTED,2024-07-11T15:20:55.475Z,2024-07-11T15:30:43.928Z,2024-07-11T15:30:43.928Z,9,0,1.7,"[{""log_gas_fees"":20},{""log_transaction_count"":5},{""trusted_recurring_users"":15},{""power_user_addresses"":10},{""recurring_addresses"":10},{""trusted_monthly_active_users"":12.5},{""trusted_transaction_count"":5},{""trusted_transaction_share"":10},{""trusted_daily_active_users"":12.5}]",0xe8207b19072948e009c4c4922ba323743a78be22d2bbc0405d444f081461572953f05e68d2e3f277616c53945a6e8440b1a062ddaba54c96dd5cb02a0e4902481b,"{""allocations"":[{""log_gas_fees"":20},{""log_transaction_count"":5},{""trusted_recurring_users"":15},{""power_user_addresses"":10},{""recurring_addresses"":10},{""trusted_monthly_active_users"":12.5},{""trusted_transaction_count"":5},{""trusted_transaction_share"":10},{""trusted_daily_active_users"":12.5}],""os_only"":false,""os_multiplier"":1.7}"